fund,rebalance_date,weight_sum,min_weight,max_weight
Combined Equal-Weight,2021-01-04,1.0,0.016666666666666666,0.016666666666666666
Combined Equal-Weight,2021-02-01,1.0,0.016666666666666666,0.016666666666666666
Combined Equal-Weight,2021-03-01,1.0,0.016666666666666666,0.016666666666666666
Combined Equal-Weight,2021-04-01,1.0,0.016666666666666666,0.016666666666666666
Combined Equal-Weight,2021-05-03,1.0,0.016666666666666666,0.016666666666666666
Combined Equal-Weight,2021-06-01,1.0,0.016666666666666666,0.016666666666666666
Combined Equal-Weight,2021-07-01,1.0,0.016666666666666666,0.016666666666666666
Combined Equal-Weight,2021-08-02,1.0,0.016666666666666666,0.016666666666666666
Combined Equal-Weight,2021-09-01,1.0,0.016666666666666666,0.016666666666666666
Combined Equal-Weight,2021-10-01,1.0,0.016666666666666666,0.016666666666666666
Combined Equal-Weight,2021-11-01,1.0,0.016666666666666666,0.016666666666666666
Combined Equal-Weight,2021-12-01,1.0,0.016666666666666666,0.016666666666666666
Combined Equal-Weight,2022-01-03,1.0,0.016666666666666666,0.016666666666666666
Combined Equal-Weight,2022-02-01,1.0,0.016666666666666666,0.016666666666666666
Combined Equal-Weight,2022-03-01,1.0,0.016666666666666666,0.016666666666666666
Combined Equal-Weight,2022-04-01,1.0,0.016666666666666666,0.016666666666666666
Combined Equal-Weight,2022-05-02,1.0,0.016666666666666666,0.016666666666666666
Combined Equal-Weight,2022-06-01,1.0,0.016666666666666666,0.016666666666666666
Combined Equal-Weight,2022-07-01,1.0,0.016666666666666666,0.016666666666666666
Combined Equal-Weight,2022-08-01,1.0,0.016666666666666666,0.016666666666666666
Combined Equal-Weight,2022-09-01,1.0,0.016666666666666666,0.016666666666666666
Combined Equal-Weight,2022-10-03,1.0,0.016666666666666666,0.016666666666666666
Combined Equal-Weight,2022-11-01,1.0,0.016666666666666666,0.016666666666666666
Combined Equal-Weight,2022-12-01,1.0,0.016666666666666666,0.016666666666666666
Combined Equal-Weight,2023-01-03,1.0,0.016666666666666666,0.016666666666666666
Combined Equal-Weight,2023-02-01,1.0,0.016666666666666666,0.016666666666666666
Combined Equal-Weight,2023-03-01,1.0,0.016666666666666666,0.016666666666666666
Combined Equal-Weight,2023-04-03,1.0,0.016666666666666666,0.016666666666666666
Combined Equal-Weight,2023-05-01,1.0,0.016666666666666666,0.016666666666666666
Combined Equal-Weight,2023-06-01,1.0,0.016666666666666666,0.016666666666666666
Combined Equal-Weight,2023-07-03,1.0,0.016666666666666666,0.016666666666666666
Combined Equal-Weight,2023-08-01,1.0,0.016666666666666666,0.016666666666666666
Combined Equal-Weight,2023-09-01,1.0,0.016666666666666666,0.016666666666666666
Combined Equal-Weight,2023-10-02,1.0,0.016666666666666666,0.016666666666666666
Combined Equal-Weight,2023-11-01,1.0,0.016666666666666666,0.016666666666666666
Combined Equal-Weight,2023-12-01,1.0,0.016666666666666666,0.016666666666666666
Combined Maximum-Sharpe,2021-01-04,1.0,0.0,0.19999999999987048
Combined Maximum-Sharpe,2021-02-01,1.0,0.0,0.19999999999997642
Combined Maximum-Sharpe,2021-03-01,1.0,0.0,0.1999999999999801
Combined Maximum-Sharpe,2021-04-01,0.9999999999999998,0.0,0.19999999999999382
Combined Maximum-Sharpe,2021-05-03,1.0000000000000002,0.0,0.19999999999999868
Combined Maximum-Sharpe,2021-06-01,1.0,0.0,0.19999999999998003
Combined Maximum-Sharpe,2021-07-01,0.9999999999999999,0.0,0.19999999999950124
Combined Maximum-Sharpe,2021-08-02,0.9999999999999998,0.0,0.19999999999989826
Combined Maximum-Sharpe,2021-09-01,0.9999999999999997,0.0,0.19999999999996101
Combined Maximum-Sharpe,2021-10-01,0.9999999999999999,0.0,0.19999999999994264
Combined Maximum-Sharpe,2021-11-01,0.9999999999999999,0.0,0.19999999999998233
Combined Maximum-Sharpe,2021-12-01,1.0,0.0,0.19999999999991297
Combined Maximum-Sharpe,2022-01-03,1.0,0.0,0.1999999999999897
Combined Maximum-Sharpe,2022-02-01,1.0000000000000002,0.0,0.1999999999999983
Combined Maximum-Sharpe,2022-03-01,0.9999999999999999,0.0,0.17221906619114558
Combined Maximum-Sharpe,2022-04-01,1.0,0.0,0.1995051799270549
Combined Maximum-Sharpe,2022-05-02,0.9999999999999998,0.0,0.19999999999989296
Combined Maximum-Sharpe,2022-06-01,1.0000000000000002,0.0,0.19999999999996693
Combined Maximum-Sharpe,2022-07-01,1.0000000000000002,0.0,0.19999999999998572
Combined Maximum-Sharpe,2022-08-01,0.9999999999999999,0.0,0.19999999999997967
Combined Maximum-Sharpe,2022-09-01,1.0,0.0,0.19999999999999304
Combined Maximum-Sharpe,2022-10-03,1.0000000000000002,0.0,0.19999999999999363
Combined Maximum-Sharpe,2022-11-01,0.9999999999999999,0.0,0.19999999999987395
Combined Maximum-Sharpe,2022-12-01,0.9999999999999998,0.0,0.19999999999999374
Combined Maximum-Sharpe,2023-01-03,0.9999999999999999,0.0,0.1999999999999386
Combined Maximum-Sharpe,2023-02-01,0.9999999999999999,0.0,0.19999999999993656
Combined Maximum-Sharpe,2023-03-01,1.0000000000000002,0.0,0.19999999999993598
Combined Maximum-Sharpe,2023-04-03,1.0,0.0,0.19999999999999477
Combined Maximum-Sharpe,2023-05-01,0.9999999999999998,0.0,0.1999999999999929
Combined Maximum-Sharpe,2023-06-01,1.0,0.0,0.1999999999999984
Combined Maximum-Sharpe,2023-07-03,0.9999999999999999,0.0,0.19999999999999762
Combined Maximum-Sharpe,2023-08-01,1.0000000000000002,0.0,0.1999999999999984
Combined Maximum-Sharpe,2023-09-01,0.9999999999999999,0.0,0.19999999999999535
Combined Maximum-Sharpe,2023-10-02,1.0,0.0,0.1999999999999989
Combined Maximum-Sharpe,2023-11-01,1.0,0.0,0.19999999999999749
Combined Maximum-Sharpe,2023-12-01,1.0,0.0,0.20000000000000018
Combined Minimum-Variance,2021-01-04,1.0,0.0,0.1999999999999999
Combined Minimum-Variance,2021-02-01,1.0,0.0,0.19999999999999993
Combined Minimum-Variance,2021-03-01,1.0,0.0,0.19999999999999996
Combined Minimum-Variance,2021-04-01,1.0000000000000002,0.0,0.19999999999999987
Combined Minimum-Variance,2021-05-03,1.0,0.0,0.19999999999999996
Combined Minimum-Variance,2021-06-01,1.0000000000000002,0.0,0.19999999999999998
Combined Minimum-Variance,2021-07-01,1.0,0.0,0.19999999999999993
Combined Minimum-Variance,2021-08-02,1.0000000000000002,0.0,0.1999999999999999
Combined Minimum-Variance,2021-09-01,1.0,0.0,0.19999999999999998
Combined Minimum-Variance,2021-10-01,1.0,0.0,0.1999999999999999
Combined Minimum-Variance,2021-11-01,0.9999999999999999,0.0,0.19999999999999984
Combined Minimum-Variance,2021-12-01,1.0,0.0,0.1999999999999999
Combined Minimum-Variance,2022-01-03,1.0,0.0,0.1999999999999999
Combined Minimum-Variance,2022-02-01,1.0,0.0,0.2
Combined Minimum-Variance,2022-03-01,1.0000000000000002,0.0,0.19999999999999998
Combined Minimum-Variance,2022-04-01,1.0,0.0,0.2
Combined Minimum-Variance,2022-05-02,1.0,0.0,0.2
Combined Minimum-Variance,2022-06-01,0.9999999999999999,0.0,0.18734912340694046
Combined Minimum-Variance,2022-07-01,1.0000000000000002,0.0,0.1894645180899494
Combined Minimum-Variance,2022-08-01,1.0,0.0,0.1891650610447402
Combined Minimum-Variance,2022-09-01,0.9999999999999998,0.0,0.18458401347268216
Combined Minimum-Variance,2022-10-03,0.9999999999999999,0.0,0.1894907400237068
Combined Minimum-Variance,2022-11-01,1.0,0.0,0.19251672966358874
Combined Minimum-Variance,2022-12-01,1.0000000000000002,0.0,0.19627624896047569
Combined Minimum-Variance,2023-01-03,1.0,0.0,0.19631187073211237
Combined Minimum-Variance,2023-02-01,1.0000000000000002,0.0,0.19379134945392587
Combined Minimum-Variance,2023-03-01,1.0,0.0,0.1925943021487033
Combined Minimum-Variance,2023-04-03,1.0,0.0,0.19470917716369068
Combined Minimum-Variance,2023-05-01,1.0000000000000002,0.0,0.196295182826162
Combined Minimum-Variance,2023-06-01,1.0,0.0,0.19655513059903867
Combined Minimum-Variance,2023-07-03,0.9999999999999999,0.0,0.1976349591091854
Combined Minimum-Variance,2023-08-01,0.9999999999999998,0.0,0.19786295632173923
Combined Minimum-Variance,2023-09-01,1.0000000000000002,0.0,0.19880637838557916
Combined Minimum-Variance,2023-10-02,1.0,0.0,0.19985489291250702
Combined Minimum-Variance,2023-11-01,1.0,0.0,0.19999999999999996
Combined Minimum-Variance,2023-12-01,1.0,0.0,0.19860514314246835
Combined Risk Parity,2021-01-04,0.9999999999999999,0.009050779268932765,0.03501699700905154
Combined Risk Parity,2021-02-01,1.0,0.009046149991582807,0.03406173109441306
Combined Risk Parity,2021-03-01,0.9999999999999999,0.00897110540483205,0.03387437970359003
Combined Risk Parity,2021-04-01,1.0,0.009036936781667107,0.03355419621470214
Combined Risk Parity,2021-05-03,1.0,0.009134723313956816,0.03301928397371797
Combined Risk Parity,2021-06-01,1.0,0.008440306765960758,0.03281262893965807
Combined Risk Parity,2021-07-01,1.0,0.008325374124234368,0.032742169056150974
Combined Risk Parity,2021-08-02,1.0000000000000002,0.008282459689982742,0.032786245443572476
Combined Risk Parity,2021-09-01,1.0,0.008186948373040702,0.03286513347821374
Combined Risk Parity,2021-10-01,0.9999999999999998,0.007987294433763678,0.03286894035346723
Combined Risk Parity,2021-11-01,1.0000000000000002,0.007941564867858802,0.03289607778119613
Combined Risk Parity,2021-12-01,1.0000000000000002,0.007961027104196855,0.03302031373689601
Combined Risk Parity,2022-01-03,0.9999999999999997,0.007907680542426422,0.03327847478387895
Combined Risk Parity,2022-02-01,1.0,0.007843348568201155,0.033213595993429705
Combined Risk Parity,2022-03-01,1.0,0.007825567521663647,0.033681825041880824
Combined Risk Parity,2022-04-01,0.9999999999999999,0.007855079578321277,0.03478136035439825
Combined Risk Parity,2022-05-02,1.0,0.007843568821521778,0.03426138895486746
Combined Risk Parity,2022-06-01,1.0,0.007606940222800659,0.03364325140363429
Combined Risk Parity,2022-07-01,1.0,0.007613494276921231,0.03378513416748644
Combined Risk Parity,2022-08-01,1.0000000000000002,0.007595573029794792,0.03357184690337351
Combined Risk Parity,2022-09-01,1.0000000000000002,0.007583681879107827,0.03328801925499016
Combined Risk Parity,2022-10-03,1.0,0.007638709819620737,0.03255896350254164
Combined Risk Parity,2022-11-01,1.0000000000000002,0.007746624529645713,0.03207226002749276
Combined Risk Parity,2022-12-01,1.0,0.007627431027076786,0.03217246080466743
Combined Risk Parity,2023-01-03,1.0,0.007604595017526532,0.03196288724639117
Combined Risk Parity,2023-02-01,1.0,0.007492890701404221,0.03190833765163995
Combined Risk Parity,2023-03-01,1.0,0.007483068522641617,0.03200993852507315
Combined Risk Parity,2023-04-03,0.9999999999999999,0.007505682259618852,0.031977199407387184
Combined Risk Parity,2023-05-01,1.0000000000000002,0.007513733008205346,0.03202413674348293
Combined Risk Parity,2023-06-01,1.0,0.007529987921731724,0.03208753250893016
Combined Risk Parity,2023-07-03,1.0,0.00750493491797449,0.03213636815462095
Combined Risk Parity,2023-08-01,1.0000000000000002,0.007516755803025476,0.03225559373492538
Combined Risk Parity,2023-09-01,1.0,0.007507413089615801,0.03223391370359623
Combined Risk Parity,2023-10-02,0.9999999999999999,0.007526912923271805,0.032244335431569786
Combined Risk Parity,2023-11-01,1.0,0.007548239113660514,0.032357081455650645
Combined Risk Parity,2023-12-01,0.9999999999999999,0.007612312742358934,0.03244632418031817
Crypto Equal-Weight,2021-01-01,1.0,0.1,0.1
Crypto Equal-Weight,2021-02-01,1.0,0.1,0.1
Crypto Equal-Weight,2021-03-01,1.0,0.1,0.1
Crypto Equal-Weight,2021-04-01,1.0,0.1,0.1
Crypto Equal-Weight,2021-05-01,1.0,0.1,0.1
Crypto Equal-Weight,2021-06-01,1.0,0.1,0.1
Crypto Equal-Weight,2021-07-01,1.0,0.1,0.1
Crypto Equal-Weight,2021-08-01,1.0,0.1,0.1
Crypto Equal-Weight,2021-09-01,1.0,0.1,0.1
Crypto Equal-Weight,2021-10-01,1.0,0.1,0.1
Crypto Equal-Weight,2021-11-01,1.0,0.1,0.1
Crypto Equal-Weight,2021-12-01,1.0,0.1,0.1
Crypto Equal-Weight,2022-01-01,1.0,0.1,0.1
Crypto Equal-Weight,2022-02-01,1.0,0.1,0.1
Crypto Equal-Weight,2022-03-01,1.0,0.1,0.1
Crypto Equal-Weight,2022-04-01,1.0,0.1,0.1
Crypto Equal-Weight,2022-05-01,1.0,0.1,0.1
Crypto Equal-Weight,2022-06-01,1.0,0.1,0.1
Crypto Equal-Weight,2022-07-01,1.0,0.1,0.1
Crypto Equal-Weight,2022-08-01,1.0,0.1,0.1
Crypto Equal-Weight,2022-09-01,1.0,0.1,0.1
Crypto Equal-Weight,2022-10-01,1.0,0.1,0.1
Crypto Equal-Weight,2022-11-01,1.0,0.1,0.1
Crypto Equal-Weight,2022-12-01,1.0,0.1,0.1
Crypto Equal-Weight,2023-01-01,1.0,0.1,0.1
Crypto Equal-Weight,2023-02-01,1.0,0.1,0.1
Crypto Equal-Weight,2023-03-01,1.0,0.1,0.1
Crypto Equal-Weight,2023-04-01,1.0,0.1,0.1
Crypto Equal-Weight,2023-05-01,1.0,0.1,0.1
Crypto Equal-Weight,2023-06-01,1.0,0.1,0.1
Crypto Equal-Weight,2023-07-01,1.0,0.1,0.1
Crypto Equal-Weight,2023-08-01,1.0,0.1,0.1
Crypto Equal-Weight,2023-09-01,1.0,0.1,0.1
Crypto Equal-Weight,2023-10-01,1.0,0.1,0.1
Crypto Equal-Weight,2023-11-01,1.0,0.1,0.1
Crypto Equal-Weight,2023-12-01,1.0,0.1,0.1
Crypto Maximum-Sharpe,2021-01-01,1.0,4.508951010825177e-16,0.24999999999999975
Crypto Maximum-Sharpe,2021-02-01,1.0,0.0,0.24999999999999994
Crypto Maximum-Sharpe,2021-03-01,1.0,0.0,0.2499999999999999
Crypto Maximum-Sharpe,2021-04-01,1.0,0.0,0.25
Crypto Maximum-Sharpe,2021-05-01,1.0,0.0,0.2499999999999999
Crypto Maximum-Sharpe,2021-06-01,0.9999999999999999,0.0,0.2499999999999996
Crypto Maximum-Sharpe,2021-07-01,0.9999999999999999,0.0,0.24999999999999944
Crypto Maximum-Sharpe,2021-08-01,1.0,0.0,0.24999999999999994
Crypto Maximum-Sharpe,2021-09-01,0.9999999999999999,0.0,0.2499999999999996
Crypto Maximum-Sharpe,2021-10-01,0.9999999999999999,0.0,0.24999999999999895
Crypto Maximum-Sharpe,2021-11-01,1.0,0.0,0.2499999999999999
Crypto Maximum-Sharpe,2021-12-01,0.9999999999999998,0.0,0.2499999999999994
Crypto Maximum-Sharpe,2022-01-01,1.0,0.0,0.24999999999999944
Crypto Maximum-Sharpe,2022-02-01,1.0,0.0,0.24999999999999967
Crypto Maximum-Sharpe,2022-03-01,1.0,5.931864903246063e-16,0.2499999999999992
Crypto Maximum-Sharpe,2022-04-01,0.9999999999999999,0.0,0.24999999999999978
Crypto Maximum-Sharpe,2022-05-01,1.0,1.3268385718747614e-15,0.24999999999999856
Crypto Maximum-Sharpe,2022-06-01,1.0,0.0,0.24999999999999958
Crypto Maximum-Sharpe,2022-07-01,1.0,0.0,0.2499999999999999
Crypto Maximum-Sharpe,2022-08-01,1.0,0.0,0.24999999999999994
Crypto Maximum-Sharpe,2022-09-01,1.0,0.0,0.24999999999999994
Crypto Maximum-Sharpe,2022-10-01,0.9999999999999999,7.176595171708428e-17,0.25000000000000006
Crypto Maximum-Sharpe,2022-11-01,1.0,0.0,0.25
Crypto Maximum-Sharpe,2022-12-01,1.0,0.0,0.24999999999999994
Crypto Maximum-Sharpe,2023-01-01,1.0,0.0,0.25
Crypto Maximum-Sharpe,2023-02-01,1.0,0.0,0.2499999999999996
Crypto Maximum-Sharpe,2023-03-01,1.0,0.0,0.24999999999999994
Crypto Maximum-Sharpe,2023-04-01,0.9999999999999999,0.0,0.2499999999999999
Crypto Maximum-Sharpe,2023-05-01,1.0,0.0,0.25
Crypto Maximum-Sharpe,2023-06-01,1.0,0.0,0.24999999999999994
Crypto Maximum-Sharpe,2023-07-01,1.0000000000000002,4.204888341045669e-17,0.2499999999999999
Crypto Maximum-Sharpe,2023-08-01,1.0,0.0,0.24999999999999983
Crypto Maximum-Sharpe,2023-09-01,1.0,0.0,0.25
Crypto Maximum-Sharpe,2023-10-01,1.0000000000000002,0.0,0.25000000000000006
Crypto Maximum-Sharpe,2023-11-01,1.0,0.0,0.24999999999999994
Crypto Maximum-Sharpe,2023-12-01,1.0,0.0,0.24999999999999972
Crypto Minimum-Variance,2021-01-01,1.0,0.0,0.25
Crypto Minimum-Variance,2021-02-01,0.9999999999999998,0.0,0.2499999999999999
Crypto Minimum-Variance,2021-03-01,1.0,0.0,0.25000000000000006
Crypto Minimum-Variance,2021-04-01,1.0,0.0,0.24999999999999972
Crypto Minimum-Variance,2021-05-01,1.0,0.0,0.25
Crypto Minimum-Variance,2021-06-01,1.0,0.0,0.24999999999999994
Crypto Minimum-Variance,2021-07-01,1.0,0.0,0.25
Crypto Minimum-Variance,2021-08-01,1.0000000000000002,0.0,0.25000000000000006
Crypto Minimum-Variance,2021-09-01,1.0,0.0,0.25
Crypto Minimum-Variance,2021-10-01,0.9999999999999999,0.0,0.25000000000000006
Crypto Minimum-Variance,2021-11-01,1.0000000000000002,0.0,0.25000000000000006
Crypto Minimum-Variance,2021-12-01,1.0,0.0,0.25
Crypto Minimum-Variance,2022-01-01,1.0,0.0,0.25
Crypto Minimum-Variance,2022-02-01,1.0000000000000002,0.0,0.25000000000000006
Crypto Minimum-Variance,2022-03-01,1.0,0.0,0.25
Crypto Minimum-Variance,2022-04-01,1.0,0.0,0.24999999999999994
Crypto Minimum-Variance,2022-05-01,1.0,4.555025552978408e-18,0.25000000000000006
Crypto Minimum-Variance,2022-06-01,1.0,0.0,0.25
Crypto Minimum-Variance,2022-07-01,1.0000000000000002,0.0,0.25000000000000006
Crypto Minimum-Variance,2022-08-01,1.0,0.0,0.25
Crypto Minimum-Variance,2022-09-01,0.9999999999999999,0.0,0.24999999999999994
Crypto Minimum-Variance,2022-10-01,1.0,0.0,0.2500000000000001
Crypto Minimum-Variance,2022-11-01,1.0,0.0,0.24999999999999997
Crypto Minimum-Variance,2022-12-01,1.0,0.0,0.25
Crypto Minimum-Variance,2023-01-01,1.0,0.0,0.24999999999999994
Crypto Minimum-Variance,2023-02-01,1.0,1.278617409704048e-17,0.25000000000000006
Crypto Minimum-Variance,2023-03-01,1.0,0.0,0.25
Crypto Minimum-Variance,2023-04-01,0.9999999999999999,0.0,0.25000000000000006
Crypto Minimum-Variance,2023-05-01,1.0,0.0,0.25
Crypto Minimum-Variance,2023-06-01,1.0,7.351716586575295e-18,0.25000000000000006
Crypto Minimum-Variance,2023-07-01,1.0,0.0,0.25000000000000006
Crypto Minimum-Variance,2023-08-01,1.0,0.0,0.25
Crypto Minimum-Variance,2023-09-01,1.0,0.0,0.25
Crypto Minimum-Variance,2023-10-01,1.0,0.0,0.25
Crypto Minimum-Variance,2023-11-01,1.0,3.231451869598837e-17,0.25
Crypto Minimum-Variance,2023-12-01,0.9999999999999999,0.0,0.24999999999999994
Crypto Risk Parity,2021-01-01,1.0,0.09038707922374475,0.13996154082238335
Crypto Risk Parity,2021-02-01,0.9999999999999998,0.0840241271772682,0.1408242799825516
Crypto Risk Parity,2021-03-01,1.0,0.08489218734638562,0.14135976467990977
Crypto Risk Parity,2021-04-01,0.9999999999999999,0.08610711852773313,0.1406120895842064
Crypto Risk Parity,2021-05-01,1.0,0.08581327232529638,0.1446719063323659
Crypto Risk Parity,2021-06-01,1.0,0.0841793603095225,0.1541613215011351
Crypto Risk Parity,2021-07-01,1.0,0.08450761634240164,0.15259984994149633
Crypto Risk Parity,2021-08-01,1.0,0.08465585255954704,0.15176405886003475
Crypto Risk Parity,2021-09-01,1.0,0.08475038144987647,0.15183040411701162
Crypto Risk Parity,2021-10-01,0.9999999999999999,0.08461521261330368,0.15127854140328675
Crypto Risk Parity,2021-11-01,1.0,0.08463435515673966,0.15062169194867916
Crypto Risk Parity,2021-12-01,0.9999999999999999,0.0848251834492342,0.150205770841397
Crypto Risk Parity,2022-01-01,1.0,0.08445200691999183,0.1495048183374295
Crypto Risk Parity,2022-02-01,0.9999999999999999,0.08481936054691133,0.14927646096429703
Crypto Risk Parity,2022-03-01,1.0,0.08531337620219859,0.14769720060853136
Crypto Risk Parity,2022-04-01,1.0,0.085405400739283,0.14690218900254712
Crypto Risk Parity,2022-05-01,0.9999999999999998,0.0851529458774326,0.14679007512019618
Crypto Risk Parity,2022-06-01,0.9999999999999999,0.08554758055682293,0.1469047690652187
Crypto Risk Parity,2022-07-01,1.0000000000000002,0.08601397251413279,0.1453669270103356
Crypto Risk Parity,2022-08-01,0.9999999999999998,0.08644486467821431,0.14506180814691938
Crypto Risk Parity,2022-09-01,1.0,0.08602942225016852,0.14474397882976256
Crypto Risk Parity,2022-10-01,1.0,0.08550071356723911,0.14449304648284503
Crypto Risk Parity,2022-11-01,1.0,0.08556467342827011,0.14446827073293092
Crypto Risk Parity,2022-12-01,1.0,0.08581323571622831,0.14370212639787183
Crypto Risk Parity,2023-01-01,1.0,0.08566339529687822,0.1437554855723329
Crypto Risk Parity,2023-02-01,1.0,0.08543101969626996,0.14351342299505326
Crypto Risk Parity,2023-03-01,1.0000000000000002,0.0854388353787225,0.1431679637305735
Crypto Risk Parity,2023-04-01,1.0,0.08547872511609705,0.1426014555006544
Crypto Risk Parity,2023-05-01,1.0,0.08550642308617491,0.14243230274997212
Crypto Risk Parity,2023-06-01,1.0,0.08554472577364161,0.14224429477040448
Crypto Risk Parity,2023-07-01,1.0,0.08530189285052847,0.14264924598489984
Crypto Risk Parity,2023-08-01,1.0,0.08596117717362202,0.14389276359420924
Crypto Risk Parity,2023-09-01,1.0,0.08605499993968506,0.14375980642350902
Crypto Risk Parity,2023-10-01,1.0000000000000002,0.08607688528668445,0.14373067389820074
Crypto Risk Parity,2023-11-01,0.9999999999999999,0.08613468602320977,0.14337474876937154
Crypto Risk Parity,2023-12-01,0.9999999999999999,0.08610537688412866,0.14318399257219014
Equity Equal-Weight,2021-01-04,1.0,0.02,0.02
Equity Equal-Weight,2021-02-01,1.0,0.02,0.02
Equity Equal-Weight,2021-03-01,1.0,0.02,0.02
Equity Equal-Weight,2021-04-01,1.0,0.02,0.02
Equity Equal-Weight,2021-05-03,1.0,0.02,0.02
Equity Equal-Weight,2021-06-01,1.0,0.02,0.02
Equity Equal-Weight,2021-07-01,1.0,0.02,0.02
Equity Equal-Weight,2021-08-02,1.0,0.02,0.02
Equity Equal-Weight,2021-09-01,1.0,0.02,0.02
Equity Equal-Weight,2021-10-01,1.0,0.02,0.02
Equity Equal-Weight,2021-11-01,1.0,0.02,0.02
Equity Equal-Weight,2021-12-01,1.0,0.02,0.02
Equity Equal-Weight,2022-01-03,1.0,0.02,0.02
Equity Equal-Weight,2022-02-01,1.0,0.02,0.02
Equity Equal-Weight,2022-03-01,1.0,0.02,0.02
Equity Equal-Weight,2022-04-01,1.0,0.02,0.02
Equity Equal-Weight,2022-05-02,1.0,0.02,0.02
Equity Equal-Weight,2022-06-01,1.0,0.02,0.02
Equity Equal-Weight,2022-07-01,1.0,0.02,0.02
Equity Equal-Weight,2022-08-01,1.0,0.02,0.02
Equity Equal-Weight,2022-09-01,1.0,0.02,0.02
Equity Equal-Weight,2022-10-03,1.0,0.02,0.02
Equity Equal-Weight,2022-11-01,1.0,0.02,0.02
Equity Equal-Weight,2022-12-01,1.0,0.02,0.02
Equity Equal-Weight,2023-01-03,1.0,0.02,0.02
Equity Equal-Weight,2023-02-01,1.0,0.02,0.02
Equity Equal-Weight,2023-03-01,1.0,0.02,0.02
Equity Equal-Weight,2023-04-03,1.0,0.02,0.02
Equity Equal-Weight,2023-05-01,1.0,0.02,0.02
Equity Equal-Weight,2023-06-01,1.0,0.02,0.02
Equity Equal-Weight,2023-07-03,1.0,0.02,0.02
Equity Equal-Weight,2023-08-01,1.0,0.02,0.02
Equity Equal-Weight,2023-09-01,1.0,0.02,0.02
Equity Equal-Weight,2023-10-02,1.0,0.02,0.02
Equity Equal-Weight,2023-11-01,1.0,0.02,0.02
Equity Equal-Weight,2023-12-01,1.0,0.02,0.02
Equity Maximum-Sharpe,2021-01-04,1.0,0.0,0.1999999999999953
Equity Maximum-Sharpe,2021-02-01,1.0,0.0,0.19999999999999246
Equity Maximum-Sharpe,2021-03-01,1.0,0.0,0.1999999999999949
Equity Maximum-Sharpe,2021-04-01,1.0000000000000002,0.0,0.19999999999999513
Equity Maximum-Sharpe,2021-05-03,1.0,0.0,0.1999999999999903
Equity Maximum-Sharpe,2021-06-01,0.9999999999999999,0.0,0.19999999999999807
Equity Maximum-Sharpe,2021-07-01,0.9999999999999999,0.0,0.1999999999999968
Equity Maximum-Sharpe,2021-08-02,0.9999999999999999,0.0,0.19999999999999338
Equity Maximum-Sharpe,2021-09-01,1.0,0.0,0.1999999999999974
Equity Maximum-Sharpe,2021-10-01,1.0,0.0,0.19999999999999568
Equity Maximum-Sharpe,2021-11-01,0.9999999999999999,0.0,0.1999999999999928
Equity Maximum-Sharpe,2021-12-01,1.0,0.0,0.19999999999999662
Equity Maximum-Sharpe,2022-01-03,1.0,0.0,0.19999999999999646
Equity Maximum-Sharpe,2022-02-01,0.9999999999999999,0.0,0.19999999999999934
Equity Maximum-Sharpe,2022-03-01,0.9999999999999998,0.0,0.19999999999998713
Equity Maximum-Sharpe,2022-04-01,1.0,0.0,0.19999999999999155
Equity Maximum-Sharpe,2022-05-02,1.0,0.0,0.19999999999999574
Equity Maximum-Sharpe,2022-06-01,1.0,0.0,0.19999999999999046
Equity Maximum-Sharpe,2022-07-01,1.0,0.0,0.1999999999999978
Equity Maximum-Sharpe,2022-08-01,1.0000000000000002,0.0,0.1999999999999855
Equity Maximum-Sharpe,2022-09-01,1.0,0.0,0.19999999999999898
Equity Maximum-Sharpe,2022-10-03,1.0,0.0,0.1999999999999989
Equity Maximum-Sharpe,2022-11-01,1.0,0.0,0.19999999999999743
Equity Maximum-Sharpe,2022-12-01,0.9999999999999998,0.0,0.19999999999999357
Equity Maximum-Sharpe,2023-01-03,1.0,0.0,0.19999999999999685
Equity Maximum-Sharpe,2023-02-01,1.0,0.0,0.19999999999999846
Equity Maximum-Sharpe,2023-03-01,1.0000000000000002,0.0,0.19999999999999787
Equity Maximum-Sharpe,2023-04-03,1.0,0.0,0.1999999999999985
Equity Maximum-Sharpe,2023-05-01,1.0,0.0,0.19999999999999646
Equity Maximum-Sharpe,2023-06-01,0.9999999999999998,0.0,0.19999999999999873
Equity Maximum-Sharpe,2023-07-03,1.0,0.0,0.1999999999999961
Equity Maximum-Sharpe,2023-08-01,1.0,0.0,0.19999999999999918
Equity Maximum-Sharpe,2023-09-01,0.9999999999999999,0.0,0.19999999999999815
Equity Maximum-Sharpe,2023-10-02,1.0000000000000002,0.0,0.19999999999998638
Equity Maximum-Sharpe,2023-11-01,1.0,0.0,0.19999999999999885
Equity Maximum-Sharpe,2023-12-01,1.0000000000000002,0.0,0.19999999999999926
Equity Minimum-Variance,2021-01-04,1.0,0.0,0.19999999999999996
Equity Minimum-Variance,2021-02-01,1.0,0.0,0.19999999999999993
Equity Minimum-Variance,2021-03-01,1.0,0.0,0.1999999999999999
Equity Minimum-Variance,2021-04-01,1.0,0.0,0.19999999999999996
Equity Minimum-Variance,2021-05-03,1.0,0.0,0.19999999999999996
Equity Minimum-Variance,2021-06-01,1.0,0.0,0.19999999999999996
Equity Minimum-Variance,2021-07-01,1.0,0.0,0.19999999999999993
Equity Minimum-Variance,2021-08-02,0.9999999999999999,0.0,0.19999999999999987
Equity Minimum-Variance,2021-09-01,1.0,0.0,0.19999999999999993
Equity Minimum-Variance,2021-10-01,1.0,0.0,0.19999999999999996
Equity Minimum-Variance,2021-11-01,1.0,0.0,0.1999999999999999
Equity Minimum-Variance,2021-12-01,1.0,0.0,0.19999999999999993
Equity Minimum-Variance,2022-01-03,1.0,0.0,0.19999999999999996
Equity Minimum-Variance,2022-02-01,1.0,0.0,0.2
Equity Minimum-Variance,2022-03-01,1.0,0.0,0.19999999999999996
Equity Minimum-Variance,2022-04-01,1.0,0.0,0.19999999999999996
Equity Minimum-Variance,2022-05-02,1.0,0.0,0.19999999999999996
Equity Minimum-Variance,2022-06-01,1.0,0.0,0.18734921695033233
Equity Minimum-Variance,2022-07-01,0.9999999999999998,0.0,0.18946470787022168
Equity Minimum-Variance,2022-08-01,1.0,0.0,0.18916650638020313
Equity Minimum-Variance,2022-09-01,1.0,0.0,0.18458417659311466
Equity Minimum-Variance,2022-10-03,0.9999999999999999,0.0,0.1894909321494963
Equity Minimum-Variance,2022-11-01,1.0,0.0,0.19251712410593205
Equity Minimum-Variance,2022-12-01,1.0,0.0,0.19627636472392962
Equity Minimum-Variance,2023-01-03,1.0,0.0,0.19631192091991903
Equity Minimum-Variance,2023-02-01,0.9999999999999999,0.0,0.1937914819061256
Equity Minimum-Variance,2023-03-01,0.9999999999999999,0.0,0.19259456177690368
Equity Minimum-Variance,2023-04-03,1.0,0.0,0.19470773840167344
Equity Minimum-Variance,2023-05-01,1.0,0.0,0.1962939875229344
Equity Minimum-Variance,2023-06-01,1.0,0.0,0.19655604823822567
Equity Minimum-Variance,2023-07-03,1.0,0.0,0.19763435531729312
Equity Minimum-Variance,2023-08-01,0.9999999999999999,0.0,0.19786329523199242
Equity Minimum-Variance,2023-09-01,1.0,0.0,0.19880616706544804
Equity Minimum-Variance,2023-10-02,1.0,0.0,0.1998560000230848
Equity Minimum-Variance,2023-11-01,1.0,0.0,0.2
Equity Minimum-Variance,2023-12-01,1.0,0.0,0.19860512815349984
Equity Risk Parity,2021-01-04,1.0,0.009790157276338416,0.039276124941869585
Equity Risk Parity,2021-02-01,1.0,0.009798626062414956,0.038872572355506
Equity Risk Parity,2021-03-01,1.0,0.00974970386144183,0.038526217081477895
Equity Risk Parity,2021-04-01,1.0,0.009822956307651865,0.037999422055143145
Equity Risk Parity,2021-05-03,1.0,0.009851660845247894,0.037653054418862984
Equity Risk Parity,2021-06-01,1.0,0.009866943477873985,0.037232858629416915
Equity Risk Parity,2021-07-01,1.0,0.009886681773742826,0.03673994875557286
Equity Risk Parity,2021-08-02,1.0,0.009848281267059384,0.03658495989477088
Equity Risk Parity,2021-09-01,1.0,0.009800240131960165,0.036121953986052266
Equity Risk Parity,2021-10-01,0.9999999999999999,0.009769899580906578,0.03608723319637766
Equity Risk Parity,2021-11-01,1.0,0.009782152301690694,0.0363006482210997
Equity Risk Parity,2021-12-01,1.0,0.009754440731437984,0.03654789817651457
Equity Risk Parity,2022-01-03,0.9999999999999998,0.00974625182600286,0.03654398502710579
Equity Risk Parity,2022-02-01,1.0,0.009765680489105687,0.036653824401292404
Equity Risk Parity,2022-03-01,1.0,0.00993971333107087,0.03719891671544616
Equity Risk Parity,2022-04-01,1.0,0.010008991640614452,0.038195573809132556
Equity Risk Parity,2022-05-02,1.0,0.01005983393810288,0.037724318046625384
Equity Risk Parity,2022-06-01,1.0,0.010062203153352826,0.03739951882903849
Equity Risk Parity,2022-07-01,1.0,0.010190230075029975,0.03729788366392976
Equity Risk Parity,2022-08-01,1.0,0.010190330602604634,0.037404641315937584
Equity Risk Parity,2022-09-01,1.0,0.010328060588204619,0.03695215460727037
Equity Risk Parity,2022-10-03,1.0,0.01049486603739701,0.036386835612643637
Equity Risk Parity,2022-11-01,1.0,0.01070945134231023,0.036013699610352536
Equity Risk Parity,2022-12-01,0.9999999999999998,0.010760714501737007,0.036093184220050194
Equity Risk Parity,2023-01-03,1.0,0.01079451360560815,0.03587641485728866
Equity Risk Parity,2023-02-01,0.9999999999999999,0.01086538586701959,0.0356457052077996
Equity Risk Parity,2023-03-01,1.0000000000000002,0.010884804446796575,0.035673319888358375
Equity Risk Parity,2023-04-03,1.0000000000000002,0.010934959137394633,0.03585824648855023
Equity Risk Parity,2023-05-01,1.0,0.010955910989091728,0.03589158737751334
Equity Risk Parity,2023-06-01,1.0,0.010997204066045478,0.03594952886002913
Equity Risk Parity,2023-07-03,1.0,0.011025352846655272,0.035981419094378395
Equity Risk Parity,2023-08-01,1.0,0.011023282029352337,0.036023220713776415
Equity Risk Parity,2023-09-01,1.0,0.011055814819956494,0.03600551136099611
Equity Risk Parity,2023-10-02,1.0000000000000002,0.011088012427129963,0.03602837465696823
Equity Risk Parity,2023-11-01,1.0,0.01113353685992512,0.03620296280144836
Equity Risk Parity,2023-12-01,1.0,0.011197442486569724,0.036445905997540336
