rebalance_date,ticker,weight,sentiment_z,strength
2021-01-04,ABBV,0.15968861989759442,0.1555543114624099,0.25
2021-01-04,ABT,8.328956203939442e-17,1.8541726622530172,0.25
2021-01-04,ADBE,0.0,-0.3758558765154705,0.25
2021-01-04,AEP,4.639158702605603e-17,-1.251567992975099,0.25
2021-01-04,AMD,0.0,1.2676419634555007,0.25
2021-01-04,AMGN,0.0,-0.15354078136833266,0.25
2021-01-04,AMT,1.2847549534090991e-17,-0.3947838127420473,0.25
2021-01-04,BA,0.0,-0.2835249639776913,0.25
2021-01-04,CAT,1.3205328326992516e-18,0.07841459292237994,0.25
2021-01-04,CCI,2.335459613464161e-17,-1.7076307150348653,0.25
2021-01-04,CMCSA,0.0,-1.168308387433404,0.25
2021-01-04,COP,0.0,-2.3525589784298138,0.25
2021-01-04,CVX,0.0,0.2743149576124845,0.25
2021-01-04,D,1.2113046949642385e-17,0.1712183079547659,0.25
2021-01-04,DD,0.0,0.12155979628411583,0.25
2021-01-04,DIS,1.1058456917205998e-17,0.28094503040932767,0.25
2021-01-04,DOW,0.0,1.3940154443659472,0.25
2021-01-04,DUK,0.0,-1.1008439188198151,0.25
2021-01-04,EA,0.09088821413099533,0.927767481796267,0.25
2021-01-04,GE,0.0,-1.4060259267593744,0.25
2021-01-04,GILD,0.10104158356659597,-0.8667786406294811,0.25
2021-01-04,GS,0.0,0.060744710158680285,0.25
2021-01-04,INTC,0.0,0.5417111324364722,0.25
2021-01-04,KO,3.868317420372572e-17,-0.16377264958873466,0.25
2021-01-04,MMM,0.08712466119216439,0.5046855385305054,0.25
2021-01-04,MRK,0.07934351760089477,1.2311050237922687,0.25
2021-01-04,MS,0.0,-0.261227478742386,0.25
2021-01-04,NEE,0.0,0.8597493091206233,0.25
2021-01-04,NEM,0.1532924360930568,0.6483072132131091,0.25
2021-01-04,NKE,0.003439842302659205,1.2065079350987533,0.25
2021-01-04,NUE,6.4719741807934575e-18,-0.8800034250168879,0.25
2021-01-04,NVDA,3.646899027743616e-17,-1.3327002092257387,0.25
2021-01-04,O,1.5100069729471734e-17,0.8963957753329721,0.25
2021-01-04,OXY,2.338437598895677e-17,0.3281846668517476,0.25
2021-01-04,PLD,4.620255915910442e-18,-0.9715394491703575,0.25
2021-01-04,PSA,0.07382662119642411,-0.18055279690091797,0.25
2021-01-04,QCOM,5.9124410780054785e-18,0.4051407887817279,0.25
2021-01-04,SBUX,1.8549572055370196e-17,0.7975508575603709,0.25
2021-01-04,SHW,2.583152802940512e-18,-1.2062808291627802,0.25
2021-01-04,SLB,5.418735297983362e-18,-1.7500327892606844,0.25
2021-01-04,SO,0.0,-1.0789871795281556,0.25
2021-01-04,T,9.30966060461634e-18,-0.40939180702569156,0.25
2021-01-04,TMUS,0.0,0.4148772375781862,0.25
2021-01-04,TTWO,0.04726297877870655,0.6977799425997803,0.25
2021-01-04,UPS,0.018119982861362172,0.36061715372866476,0.25
2021-01-04,USB,4.3741751877157376e-17,1.6507009906071952,0.25
2021-01-04,V,0.0,0.27243395338253534,0.25
2021-01-04,WFC,0.0,2.5,0.25
2021-01-04,WMT,0.1859715423795459,-0.04697347074693673,0.25
2021-01-04,XOM,1.9039739908402878e-17,-0.5884764669896483,0.25
2021-02-01,ABBV,0.14297946722442195,-0.059898706629128995,0.25
2021-02-01,ABT,0.0,1.7783481586450456,0.25
2021-02-01,ADBE,3.832698514007237e-17,1.431772269713037,0.25
2021-02-01,AEP,3.839264099361314e-18,-0.451964837038467,0.25
2021-02-01,AMD,0.0,0.2857841587206177,0.25
2021-02-01,AMGN,0.0,0.033812878118613374,0.25
2021-02-01,AMT,8.117241080308855e-18,0.6385040654007532,0.25
2021-02-01,BA,0.0,-0.7711336546506453,0.25
2021-02-01,CAT,0.0,0.7956999858675387,0.25
2021-02-01,CCI,0.0,-0.0534428901573807,0.25
2021-02-01,CMCSA,0.0,-1.2563747828189935,0.25
2021-02-01,COP,2.0266664275760294e-17,-1.9489496369156805,0.25
2021-02-01,CVX,9.420592855094868e-18,-0.8776041767503849,0.25
2021-02-01,D,0.0,-1.2697542772285983,0.25
2021-02-01,DD,0.0,-1.1619742483532103,0.25
2021-02-01,DIS,0.0,-0.10504221907767486,0.25
2021-02-01,DOW,0.0,-0.9012857119394816,0.25
2021-02-01,DUK,0.0,0.09853898297384442,0.25
2021-02-01,EA,0.05317724283594103,-2.2296783711788173,0.25
2021-02-01,GE,0.0,0.3880697614208005,0.25
2021-02-01,GILD,0.1306510773450753,0.10833917910641236,0.25
2021-02-01,GS,1.3929518562888474e-18,-0.10750183261598817,0.25
2021-02-01,INTC,2.4021648823551766e-17,0.2844754380882784,0.25
2021-02-01,KO,0.0006970360784153614,0.2550613646999359,0.25
2021-02-01,MMM,0.10126711388095246,-0.021228577011124496,0.25
2021-02-01,MRK,0.06447110332840834,-0.01731106346201943,0.25
2021-02-01,MS,5.71166827389543e-17,2.5,0.25
2021-02-01,NEE,2.548549421830524e-17,1.1266640608059777,0.25
2021-02-01,NEM,0.1157921739490202,-0.4986506147199452,0.25
2021-02-01,NKE,1.552952583485698e-17,0.27231751021871176,0.25
2021-02-01,NUE,1.6265918599788167e-18,-1.2536695635647879,0.25
2021-02-01,NVDA,2.345454731657197e-17,-1.0726715861629907,0.25
2021-02-01,O,5.625856749094826e-20,0.12726464959442466,0.25
2021-02-01,OXY,1.5703992765302668e-17,-1.2167563212873067,0.25
2021-02-01,PLD,0.0,0.054198835075154266,0.25
2021-02-01,PSA,0.1328433362417103,1.4720186297832771,0.25
2021-02-01,QCOM,1.8775052820280466e-18,0.3712986613357883,0.25
2021-02-01,SBUX,0.0,-0.44565483212161255,0.25
2021-02-01,SHW,1.8007160673548754e-17,1.6529059642707917,0.25
2021-02-01,SLB,5.043071261013239e-19,-0.13478272011033524,0.25
2021-02-01,SO,1.446916190746714e-17,-0.8191195177204799,0.25
2021-02-01,T,6.952260414444646e-18,-0.2807175628227597,0.25
2021-02-01,TMUS,0.0,0.02067403204757331,0.25
2021-02-01,TTWO,0.03602523662846338,0.26175111190473815,0.25
2021-02-01,UPS,0.012812552266169095,0.2896815325789133,0.25
2021-02-01,USB,0.0,-0.12570259201545084,0.25
2021-02-01,V,1.200942815945103e-17,1.6899932386321959,0.25
2021-02-01,WFC,0.0,1.3561860885329413,0.25
2021-02-01,WMT,0.2092836602214223,0.17583563764574503,0.25
2021-02-01,XOM,0.0,-1.0276558781626721,0.25
2021-03-01,ABBV,0.1931687296327767,1.454433122765173,0.25
2021-03-01,ABT,5.5435077616993545e-17,-0.46452870035589394,0.25
2021-03-01,ADBE,0.0,1.752009268909466,0.25
2021-03-01,AEP,3.454193989619224e-17,1.235256964994683,0.25
2021-03-01,AMD,1.9761780964334496e-17,0.23394392333799074,0.25
2021-03-01,AMGN,1.485682993318767e-17,0.3799743214273061,0.25
2021-03-01,AMT,1.2108667303352983e-19,-0.8518050253499191,0.25
2021-03-01,BA,9.358977808597165e-18,-1.309753631592653,0.25
2021-03-01,CAT,2.1056655237888496e-17,0.6201623724053699,0.25
2021-03-01,CCI,9.17350028690042e-19,-0.1884398220444402,0.25
2021-03-01,CMCSA,1.9838677877901623e-18,-1.0915009631595747,0.25
2021-03-01,COP,0.0,-1.4723865123815516,0.25
2021-03-01,CVX,1.033334764885875e-17,-1.268598858165414,0.25
2021-03-01,D,0.0,-0.1625452958020141,0.25
2021-03-01,DD,0.0,-0.26339501823938694,0.25
2021-03-01,DIS,1.8519649806060144e-17,0.6072344383161196,0.25
2021-03-01,DOW,0.0,-0.6645509432076975,0.25
2021-03-01,DUK,0.0,0.2902490347628591,0.25
2021-03-01,EA,0.09489037450537405,0.3933369395405132,0.25
2021-03-01,GE,4.410709516219815e-18,-0.15046174150698713,0.25
2021-03-01,GILD,0.152318675017461,1.392925672131419,0.25
2021-03-01,GS,1.2486819679991716e-17,0.09552956237880043,0.25
2021-03-01,INTC,0.0,-0.18132028198687963,0.25
2021-03-01,KO,1.5878188123553044e-18,0.12112112099033584,0.25
2021-03-01,MMM,0.08210381887751517,-0.47362944626281533,0.25
2021-03-01,MRK,0.07803582655372517,1.1673602349131924,0.25
2021-03-01,MS,0.0,-1.18156520532267,0.25
2021-03-01,NEE,0.0,0.04186579306191802,0.25
2021-03-01,NEM,0.11227216201169915,-0.09020131233739634,0.25
2021-03-01,NKE,1.281707986558348e-18,-1.1367218113150612,0.25
2021-03-01,NUE,0.0,2.1948106892178902,0.25
2021-03-01,NVDA,0.0,-1.4989840574359892,0.25
2021-03-01,O,0.0,1.7167746355931728,0.25
2021-03-01,OXY,2.6937485112251874e-17,1.1780529938030284,0.25
2021-03-01,PLD,0.0,-1.1739215495963584,0.25
2021-03-01,PSA,0.08470995513785225,0.001057224878961265,0.25
2021-03-01,QCOM,8.4044554732498155e-19,0.11272499166545315,0.25
2021-03-01,SBUX,5.59007885324319e-18,-0.7230174787964342,0.25
2021-03-01,SHW,0.0,-1.1316985745178072,0.25
2021-03-01,SLB,0.0,-0.9508804622141195,0.25
2021-03-01,SO,0.0,0.49628376231167554,0.25
2021-03-01,T,6.611101372062488e-18,0.05686187197915708,0.25
2021-03-01,TMUS,0.0,0.43337696947115584,0.25
2021-03-01,TTWO,0.03704644857818377,1.4209077338258376,0.25
2021-03-01,UPS,0.014164646389789634,0.9234869205390869,0.25
2021-03-01,USB,0.0,0.31229369608236424,0.25
2021-03-01,V,0.0,0.3749533164358042,0.25
2021-03-01,WFC,0.0,0.8179885981041418,0.25
2021-03-01,WMT,0.15128936329562273,-0.6686176918253437,0.25
2021-03-01,XOM,1.0940682397183922e-17,-2.5,0.25
2021-04-01,ABBV,0.11870873103773297,-0.1447535572784973,0.25
2021-04-01,ABT,0.0,0.6863279680475218,0.25
2021-04-01,ADBE,0.0,1.0410162701425016,0.25
2021-04-01,AEP,3.390458350428867e-17,-0.33925509016055916,0.25
2021-04-01,AMD,2.6723654845235796e-17,1.0360772153615407,0.25
2021-04-01,AMGN,1.678487946751145e-17,0.46303991273343187,0.25
2021-04-01,AMT,0.0,-1.689153208070464,0.25
2021-04-01,BA,0.0,-0.06423474171607407,0.25
2021-04-01,CAT,2.5872738800618994e-17,-0.8377301661839586,0.25
2021-04-01,CCI,0.0,0.5965791202462347,0.25
2021-04-01,CMCSA,3.490321311646405e-18,-0.05112541251342341,0.25
2021-04-01,COP,0.0,-0.7549621084077308,0.25
2021-04-01,CVX,3.869498446841754e-18,0.5260977251521948,0.25
2021-04-01,D,0.0,2.5,0.25
2021-04-01,DD,5.3661162577190676e-18,-0.9744680922458482,0.25
2021-04-01,DIS,0.0,0.2008378988692377,0.25
2021-04-01,DOW,1.2495688375335209e-17,-1.2525135422968958,0.25
2021-04-01,DUK,1.4690820801680593e-17,-1.3355635539877846,0.25
2021-04-01,EA,0.11938513881852494,1.522924123042362,0.25
2021-04-01,GE,1.6904350815232034e-18,-0.5825159958062878,0.25
2021-04-01,GILD,0.11960635870771259,0.39807245284044335,0.25
2021-04-01,GS,9.839787941215283e-18,-0.8098449240239682,0.25
2021-04-01,INTC,0.0,-0.39561814340324486,0.25
2021-04-01,KO,1.1220841289595664e-16,0.9554008945088583,0.25
2021-04-01,MMM,0.07900298318513302,-0.9680512100501112,0.25
2021-04-01,MRK,0.07748774070014161,0.36291516087261294,0.25
2021-04-01,MS,0.0,1.568701493937691,0.25
2021-04-01,NEE,3.603872109443019e-17,0.35442932029618984,0.25
2021-04-01,NEM,0.13058415121479214,0.6316386311520349,0.25
2021-04-01,NKE,0.0,-0.20888478538058045,0.25
2021-04-01,NUE,7.958555474897641e-18,1.1320193267365923,0.25
2021-04-01,NVDA,2.1824449313661217e-17,-1.608922735526187,0.25
2021-04-01,O,0.0,-0.2805697857159081,0.25
2021-04-01,OXY,0.0,-2.0441312421191307,0.25
2021-04-01,PLD,0.0,-1.4013657641404345,0.25
2021-04-01,PSA,0.11892878138348349,1.3371262158294275,0.25
2021-04-01,QCOM,0.0,-1.5422688301002847,0.25
2021-04-01,SBUX,0.0,0.005059252384646372,0.25
2021-04-01,SHW,5.3909590414323946e-18,-0.8943154000918228,0.25
2021-04-01,SLB,0.0,0.8854943798349092,0.25
2021-04-01,SO,0.0,-1.1239231121138356,0.25
2021-04-01,T,7.099330084670975e-18,-0.45776527436274556,0.25
2021-04-01,TMUS,2.190132315352517e-17,0.2850783798383218,0.25
2021-04-01,TTWO,0.0320922354570572,0.6471363739096182,0.25
2021-04-01,UPS,0.010384585429398841,-0.15221269670360243,0.25
2021-04-01,USB,0.0,0.7638069592866565,0.25
2021-04-01,V,1.004428317097594e-17,0.7654257636587629,0.25
2021-04-01,WFC,6.97526010831828e-18,-0.3366836362696664,0.25
2021-04-01,WMT,0.19381929406602286,0.30101835967190554,0.25
2021-04-01,XOM,0.0,0.6877411552440356,0.25
2021-05-03,ABBV,0.15914911857071354,0.4131214935663081,0.25
2021-05-03,ABT,7.020335386626073e-17,0.024574256964737633,0.25
2021-05-03,ADBE,1.1376452632292194e-17,0.5206430632119242,0.25
2021-05-03,AEP,1.6883212125738355e-17,0.2558542099331917,0.25
2021-05-03,AMD,0.0,-0.3633668268773036,0.25
2021-05-03,AMGN,0.0,-1.5196809898778159,0.25
2021-05-03,AMT,0.0,-0.02028137191255215,0.25
2021-05-03,BA,6.7118938968615476e-18,-0.6134807914751625,0.25
2021-05-03,CAT,0.0,-0.2372923896937697,0.25
2021-05-03,CCI,0.0,1.5820628362935403,0.25
2021-05-03,CMCSA,1.5504847430907243e-17,-1.3800731571916685,0.25
2021-05-03,COP,6.89857116226714e-18,-1.662217948759402,0.25
2021-05-03,CVX,7.765855071617483e-18,-0.7580389325815821,0.25
2021-05-03,D,0.0,-1.0305099905913304,0.25
2021-05-03,DD,0.0,1.1168511198349929,0.25
2021-05-03,DIS,0.0,-0.45488597256403135,0.25
2021-05-03,DOW,1.3454075432537884e-17,0.6258025516464663,0.25
2021-05-03,DUK,0.0,0.9927060266155467,0.25
2021-05-03,EA,0.09601463130188277,0.22712799927324367,0.25
2021-05-03,GE,0.0,-0.9485597466593695,0.25
2021-05-03,GILD,0.11135255620603304,-0.358796954748817,0.25
2021-05-03,GS,0.0,1.274135189028719,0.25
2021-05-03,INTC,1.5591154922466918e-18,-0.16493470874559454,0.25
2021-05-03,KO,0.004220313076986719,-0.054700900317126426,0.25
2021-05-03,MMM,0.11102992781114131,-0.08008619515502653,0.25
2021-05-03,MRK,0.06898149925407873,-0.6381277671285925,0.25
2021-05-03,MS,0.0,1.1352323017541706,0.25
2021-05-03,NEE,6.470207858690284e-18,1.1905887309825798,0.25
2021-05-03,NEM,0.09028843419874011,-1.2212840489467374,0.25
2021-05-03,NKE,0.0,1.3300730411343569,0.25
2021-05-03,NUE,0.0,2.5,0.25
2021-05-03,NVDA,9.698254133075844e-18,-1.4993363734187166,0.25
2021-05-03,O,0.0,1.0590718551192937,0.25
2021-05-03,OXY,1.964141937084e-18,-0.7258587073914098,0.25
2021-05-03,PLD,0.0,-0.07947880458292259,0.25
2021-05-03,PSA,0.11661731723994742,0.7941625129616001,0.25
2021-05-03,QCOM,0.0,-0.3333340699947094,0.25
2021-05-03,SBUX,1.856978433285341e-18,0.1400196838086057,0.25
2021-05-03,SHW,2.5498480031219375e-17,-0.1921012831706667,0.25
2021-05-03,SLB,0.0,-1.5374254009317445,0.25
2021-05-03,SO,0.0,0.6296605699383313,0.25
2021-05-03,T,1.3053532893541454e-17,-0.43111554060433427,0.25
2021-05-03,TMUS,0.0,-1.1089524055840725,0.25
2021-05-03,TTWO,0.030197447572633398,-0.5809618283977536,0.25
2021-05-03,UPS,0.02232995241540385,1.3188777315416724,0.25
2021-05-03,USB,8.62610343739228e-18,-0.4135099852343981,0.25
2021-05-03,V,0.0,0.3371903364919245,0.25
2021-05-03,WFC,1.0911801527327847e-17,0.48326100031420194,0.25
2021-05-03,WMT,0.18981880235243884,-0.3254591262239934,0.25
2021-05-03,XOM,2.92268665070678e-17,-0.46790230558402385,0.25
2021-06-01,ABBV,0.14107683333679588,0.8794400242403365,0.25
2021-06-01,ABT,6.771817426108626e-18,0.34906935684396706,0.25
2021-06-01,ADBE,0.0,0.8003502599901743,0.25
2021-06-01,AEP,2.844639515418158e-17,-1.044338166823112,0.25
2021-06-01,AMD,0.0,-0.24145906985140925,0.25
2021-06-01,AMGN,0.0,-1.914064195889399,0.25
2021-06-01,AMT,1.0251655507645307e-17,0.29831708451080674,0.25
2021-06-01,BA,0.0,0.03520202558958461,0.25
2021-06-01,CAT,0.0,1.0825637745387864,0.25
2021-06-01,CCI,0.0,0.020714255895508925,0.25
2021-06-01,CMCSA,0.0,-0.7051126035583353,0.25
2021-06-01,COP,1.365415087254565e-17,-0.5695514281028726,0.25
2021-06-01,CVX,0.0,-0.39992859724605306,0.25
2021-06-01,D,0.0,-1.1183869582897792,0.25
2021-06-01,DD,1.5137407290636337e-17,0.6354835108074901,0.25
2021-06-01,DIS,5.822237191713007e-18,0.04858623637947141,0.25
2021-06-01,DOW,8.233795268377806e-18,-0.7413311532565879,0.25
2021-06-01,DUK,0.0,-0.5143535188072772,0.25
2021-06-01,EA,0.09256040263416307,0.7267849761445562,0.25
2021-06-01,GE,0.0,-0.8079835247338624,0.25
2021-06-01,GILD,0.0720464873032681,-1.2128953346714246,0.25
2021-06-01,GS,0.0,-1.0119090015703283,0.25
2021-06-01,INTC,1.9493831608329574e-17,-0.6918429843131064,0.25
2021-06-01,KO,0.011832868707686494,0.9001972550495309,0.25
2021-06-01,MMM,0.08221564910295702,-0.42291333601144876,0.25
2021-06-01,MRK,0.08095875808816458,0.6467083672917224,0.25
2021-06-01,MS,0.0,-0.26400475927346145,0.25
2021-06-01,NEE,0.0,0.49233453487963863,0.25
2021-06-01,NEM,0.1788924096527147,2.5,0.25
2021-06-01,NKE,1.2765861086448373e-17,-0.3521783081022999,0.25
2021-06-01,NUE,0.0,0.8989350597404396,0.25
2021-06-01,NVDA,2.0299399853986116e-17,-1.303108240032926,0.25
2021-06-01,O,1.1106360436664055e-18,-0.8998201430732313,0.25
2021-06-01,OXY,6.99397276547944e-18,0.1703772281433982,0.25
2021-06-01,PLD,1.504649433884539e-17,-0.9802266590597637,0.25
2021-06-01,PSA,0.15409149384237272,2.5,0.25
2021-06-01,QCOM,0.0,-0.6297790378289503,0.25
2021-06-01,SBUX,1.684954126673657e-17,0.2683983808879109,0.25
2021-06-01,SHW,4.591896012245727e-18,-0.1648618459511491,0.25
2021-06-01,SLB,3.894531569913149e-18,-0.512386287720848,0.25
2021-06-01,SO,1.0709204039418766e-17,0.24001568213851188,0.25
2021-06-01,T,0.0,0.00039158310150521903,0.25
2021-06-01,TMUS,6.775219471045111e-19,1.052580959408127,0.25
2021-06-01,TTWO,0.046733172656242064,1.5019024545983175,0.25
2021-06-01,UPS,0.012979451906738599,1.1608973517743033,0.25
2021-06-01,USB,0.0,1.2179165239913312,0.25
2021-06-01,V,0.0,-0.894938318888335,0.25
2021-06-01,WFC,8.71421857297015e-18,0.18783425744479343,0.25
2021-06-01,WMT,0.12661247276889648,-1.1653176379597334,0.25
2021-06-01,XOM,1.8881122484893895e-17,-1.0915223602576913,0.25
2021-07-01,ABBV,0.13281219547860135,0.014305022685415256,0.25
2021-07-01,ABT,5.116503983181083e-17,0.7475669152786645,0.25
2021-07-01,ADBE,2.3072298986747275e-17,0.11498364535058907,0.25
2021-07-01,AEP,2.951834188741563e-17,-1.832364340854091,0.25
2021-07-01,AMD,0.0,0.9697842768069956,0.25
2021-07-01,AMGN,1.948025051413807e-17,-0.6296451885113088,0.25
2021-07-01,AMT,0.0,0.05330693965614972,0.25
2021-07-01,BA,0.0,-1.029525638361819,0.25
2021-07-01,CAT,0.0,-0.3695277634115118,0.25
2021-07-01,CCI,1.2450873736044501e-17,-0.9433964050514477,0.25
2021-07-01,CMCSA,6.333440535082434e-18,0.2559800775855906,0.25
2021-07-01,COP,2.886430473813141e-17,0.1395715962893359,0.25
2021-07-01,CVX,5.143863597021842e-17,0.6780849017056122,0.25
2021-07-01,D,2.5613992273281465e-18,1.170610908936131,0.25
2021-07-01,DD,0.0,-1.2945613923220352,0.25
2021-07-01,DIS,5.2309904395087855e-18,-0.25370808044542725,0.25
2021-07-01,DOW,0.0,-0.9690652803304821,0.25
2021-07-01,DUK,3.5247971223484094e-17,0.3368956888420275,0.25
2021-07-01,EA,0.07617725308430189,-0.9422071420529083,0.25
2021-07-01,GE,1.0261556096960605e-17,-0.24243297494958796,0.25
2021-07-01,GILD,0.11582792809795647,-0.003970970289033803,0.25
2021-07-01,GS,0.0,0.13858546827501908,0.25
2021-07-01,INTC,0.0,0.5274582004112313,0.25
2021-07-01,KO,0.007633240474272261,-0.6300416095108217,0.25
2021-07-01,MMM,0.1076649538582748,0.1819714075416114,0.25
2021-07-01,MRK,0.1172134046310129,1.185154926126061,0.25
2021-07-01,MS,0.0,0.32855238103550394,0.25
2021-07-01,NEE,6.401372314269886e-18,0.7649318786269034,0.25
2021-07-01,NEM,0.08281837124228236,-1.1507295122812882,0.25
2021-07-01,NKE,0.0,-0.257688676076371,0.25
2021-07-01,NUE,0.0,-0.5717886516413703,0.25
2021-07-01,NVDA,1.9644794293785814e-17,-1.029525638361819,0.25
2021-07-01,O,0.0,1.7696867554364137,0.25
2021-07-01,OXY,0.0,-0.026106527963711802,0.25
2021-07-01,PLD,0.0,-1.3940975345910964,0.25
2021-07-01,PSA,0.08827280648503177,-0.8566023663381662,0.25
2021-07-01,QCOM,0.0,0.24302147258775192,0.25
2021-07-01,SBUX,0.0,-0.1803264321110446,0.25
2021-07-01,SHW,1.1632729948226893e-17,0.4800258298463695,0.25
2021-07-01,SLB,2.6385369515308345e-17,0.9448725410146087,0.25
2021-07-01,SO,0.0,-2.5,0.25
2021-07-01,T,1.2202151652175487e-18,0.6339401441508495,0.25
2021-07-01,TMUS,0.0,2.5,0.25
2021-07-01,TTWO,0.055450153427291135,2.212397908929975,0.25
2021-07-01,UPS,0.015007686053754837,0.5489316787368999,0.25
2021-07-01,USB,0.0,-1.07235634200487,0.25
2021-07-01,V,0.0,0.39117142200740207,0.25
2021-07-01,WFC,9.757021948228616e-18,1.4407479011797895,0.25
2021-07-01,WMT,0.20112200716721995,-0.019473716386527975,0.25
2021-07-01,XOM,1.1012780256350316e-17,-0.5572072531375389,0.25
2021-08-02,ABBV,0.1684122009273115,0.8516938106999099,0.25
2021-08-02,ABT,0.0,-0.6944992751102665,0.25
2021-08-02,ADBE,1.0756101828597681e-17,0.9594077729230855,0.25
2021-08-02,AEP,1.8271927799023107e-17,-2.5,0.25
2021-08-02,AMD,1.5835505109752857e-17,0.3795771460634335,0.25
2021-08-02,AMGN,0.0,-0.2583688395367097,0.25
2021-08-02,AMT,3.926738698020615e-18,-0.06486239580951776,0.25
2021-08-02,BA,0.0,-1.5392982508814066,0.25
2021-08-02,CAT,1.753770211423839e-17,0.6865400192505868,0.25
2021-08-02,CCI,0.0,0.5357829113413218,0.25
2021-08-02,CMCSA,0.0,-0.06202363284520548,0.25
2021-08-02,COP,4.590748753284538e-18,0.39881854446533144,0.25
2021-08-02,CVX,1.8106683040479088e-17,0.15296438233821882,0.25
2021-08-02,D,7.678109872037799e-18,-0.5725495252272192,0.25
2021-08-02,DD,5.107190732571303e-18,0.3568037333178161,0.25
2021-08-02,DIS,4.159813503640304e-17,-0.17420366051943653,0.25
2021-08-02,DOW,1.413526911730276e-17,-1.5001888928746288,0.25
2021-08-02,DUK,3.813796129424785e-17,2.5,0.25
2021-08-02,EA,0.086083476483437,-0.4186421226204126,0.25
2021-08-02,GE,6.51860543625855e-20,-0.34659084883152474,0.25
2021-08-02,GILD,0.0949746019778693,-0.91262220554972,0.25
2021-08-02,GS,8.387687071139286e-18,-0.399183266106689,0.25
2021-08-02,INTC,0.0,0.2243631415560387,0.25
2021-08-02,KO,0.012267678568029837,0.002304877176824669,0.25
2021-08-02,MMM,0.10364541748345625,0.0074346522659139,0.25
2021-08-02,MRK,0.08824007974177901,-0.1905869029511734,0.25
2021-08-02,MS,0.0,-0.026386488486758192,0.25
2021-08-02,NEE,0.0,-1.4318372916002622,0.25
2021-08-02,NEM,0.10021149851669411,-0.49733093442303156,0.25
2021-08-02,NKE,0.0,-0.6634755180388869,0.25
2021-08-02,NUE,0.0,-0.09923815038475774,0.25
2021-08-02,NVDA,2.2934808253851413e-17,-1.5392982508814066,0.25
2021-08-02,O,0.0,0.36507937793778134,0.25
2021-08-02,OXY,0.0,0.9788351343169364,0.25
2021-08-02,PLD,2.975424923876371e-17,-0.6694251678692168,0.25
2021-08-02,PSA,0.1035823086118963,-0.2736632754517147,0.25
2021-08-02,QCOM,0.0,-0.14855468084850787,0.25
2021-08-02,SBUX,0.0,0.6743975103101688,0.25
2021-08-02,SHW,9.690532664596932e-18,-0.24663276758058586,0.25
2021-08-02,SLB,4.289335673686426e-18,2.369695140112404,0.25
2021-08-02,SO,3.2408781572394423e-19,-0.4600856368020526,0.25
2021-08-02,T,0.0,-0.11273816973456524,0.25
2021-08-02,TMUS,0.0,0.7060212457869353,0.25
2021-08-02,TTWO,0.025803960398180927,-1.2802558837830906,0.25
2021-08-02,UPS,0.01889452610624409,1.0153187026500818,0.25
2021-08-02,USB,1.2174644317103153e-17,1.5831073610625612,0.25
2021-08-02,V,0.0,0.49682931920115747,0.25
2021-08-02,WFC,8.404700829739045e-18,2.2102159478531944,0.25
2021-08-02,WMT,0.1978842511851014,-0.20836473179947262,0.25
2021-08-02,XOM,0.0,0.30090640589953105,0.25
2021-09-01,ABBV,0.12544202575601002,0.46867786957101965,0.25
2021-09-01,ABT,0.0,1.1891272631425391,0.25
2021-09-01,ADBE,0.0,1.9504954977766142,0.25
2021-09-01,AEP,0.0,-0.8284825795168886,0.25
2021-09-01,AMD,0.0,0.3122004846918485,0.25
2021-09-01,AMGN,4.926666746609007e-19,-2.1235534512600593,0.25
2021-09-01,AMT,0.0,-0.7443709455754437,0.25
2021-09-01,BA,0.0,-0.8766780663917103,0.25
2021-09-01,CAT,1.53529197592221e-17,-0.5569393696470963,0.25
2021-09-01,CCI,0.0,0.7892190342539075,0.25
2021-09-01,CMCSA,0.0,0.0023451375983781875,0.25
2021-09-01,COP,0.0,-0.932691030862142,0.25
2021-09-01,CVX,9.902049435469978e-18,-0.18689594207261884,0.25
2021-09-01,D,0.0,1.4089569456247504,0.25
2021-09-01,DD,0.0,-1.7781831910691017,0.25
2021-09-01,DIS,6.515956597158129e-18,0.034105102429765215,0.25
2021-09-01,DOW,0.0,-0.4534649042935242,0.25
2021-09-01,DUK,3.747653079676782e-18,-0.635590007334645,0.25
2021-09-01,EA,0.0855393780506293,0.2502494330729281,0.25
2021-09-01,GE,1.8827505839876274e-18,-0.7564679595172878,0.25
2021-09-01,GILD,0.09824392401752138,0.03975155717968996,0.25
2021-09-01,GS,0.0,-0.5264330329691604,0.25
2021-09-01,INTC,1.4947821020728458e-17,-0.6255539780615476,0.25
2021-09-01,KO,0.01303231840128936,0.4512729194524922,0.25
2021-09-01,MMM,0.07897550551522342,-0.3715842014583736,0.25
2021-09-01,MRK,0.09439634659913729,0.8448632497811501,0.25
2021-09-01,MS,2.077729409468432e-17,0.32417622120348805,0.25
2021-09-01,NEE,1.396501458312651e-18,-0.7128429109327714,0.25
2021-09-01,NEM,0.09656948466857021,0.1876051334408113,0.25
2021-09-01,NKE,0.0,-0.22683794962519302,0.25
2021-09-01,NUE,0.0,0.1245306267083072,0.25
2021-09-01,NVDA,1.78695783051845e-18,-0.7965353097842309,0.25
2021-09-01,O,0.0,-0.17230612674323795,0.25
2021-09-01,OXY,0.0,-0.29129526489465646,0.25
2021-09-01,PLD,7.963746897757609e-19,1.2435546071572579,0.25
2021-09-01,PSA,0.1731839818894524,2.5,0.25
2021-09-01,QCOM,0.0,-0.37217437536221126,0.25
2021-09-01,SBUX,2.553359872258501e-18,0.10955327379910773,0.25
2021-09-01,SHW,1.1879846094507989e-17,-0.1789313160892031,0.25
2021-09-01,SLB,2.6365554798533222e-18,-1.4143447546400885,0.25
2021-09-01,SO,0.0,0.07709107516702318,0.25
2021-09-01,T,1.4906992444778878e-17,0.629520012774407,0.25
2021-09-01,TMUS,0.0,-0.8174280129842824,0.25
2021-09-01,TTWO,0.043700967217413,1.3447589837786633,0.25
2021-09-01,UPS,0.011112396707782657,-0.10669339811844868,0.25
2021-09-01,USB,0.0,0.2577411824353869,0.25
2021-09-01,V,0.0,0.5253791654020712,0.25
2021-09-01,WFC,3.474179111392741e-18,0.5648563736914924,0.25
2021-09-01,WMT,0.17980367117697071,0.1577334454243803,0.25
2021-09-01,XOM,4.585279257140131e-18,-1.0563187433820413,0.25
2021-10-01,ABBV,0.10845381897545266,-0.2712123839430532,0.25
2021-10-01,ABT,3.4313348840314064e-17,0.16039570178683601,0.25
2021-10-01,ADBE,1.7512232027529518e-17,0.3465917172017636,0.25
2021-10-01,AEP,4.616126816565261e-17,-0.3628374740406935,0.25
2021-10-01,AMD,0.0,-0.10592929390051394,0.25
2021-10-01,AMGN,2.123411141540101e-17,-0.7506660530847455,0.25
2021-10-01,AMT,0.0,-0.1793731834962063,0.25
2021-10-01,BA,0.0,-0.9338091781054231,0.25
2021-10-01,CAT,0.0,-0.11943036535424348,0.25
2021-10-01,CCI,0.0,-0.6636665544935445,0.25
2021-10-01,CMCSA,1.4913933112806286e-17,-0.31352826460025884,0.25
2021-10-01,COP,1.1385702057971376e-17,0.7599741644327,0.25
2021-10-01,CVX,0.0,-0.37636555456273274,0.25
2021-10-01,D,4.6630139866427536e-18,1.285014350811173,0.25
2021-10-01,DD,2.26080810336277e-18,-1.4189751497712249,0.25
2021-10-01,DIS,4.825766595082791e-18,0.11053022273833675,0.25
2021-10-01,DOW,6.620265218423528e-19,-0.7849459279562664,0.25
2021-10-01,DUK,0.0,0.7516553713933457,0.25
2021-10-01,EA,0.06746667909780489,-1.4165356768706983,0.25
2021-10-01,GE,0.0,-0.8725574589607646,0.25
2021-10-01,GILD,0.08195741296141912,-1.2692877767685191,0.25
2021-10-01,GS,0.0,0.03493000930365452,0.25
2021-10-01,INTC,0.0,-0.24027300564510035,0.25
2021-10-01,KO,0.01672194279765317,-0.1865479001035743,0.25
2021-10-01,MMM,0.1031596186335871,0.49371461379548476,0.25
2021-10-01,MRK,0.07653403401498765,-0.8108285796093035,0.25
2021-10-01,MS,0.0,-0.7749364711217643,0.25
2021-10-01,NEE,0.0,1.097096161021402,0.25
2021-10-01,NEM,0.12157088193959162,0.5673305996341241,0.25
2021-10-01,NKE,0.0010710335185742878,-0.022772224830221677,0.25
2021-10-01,NUE,0.0,-0.48748605563998326,0.25
2021-10-01,NVDA,0.0,0.244986112679359,0.25
2021-10-01,O,0.0,1.4475907628543108,0.25
2021-10-01,OXY,2.479386971794012e-17,-0.8489366436436023,0.25
2021-10-01,PLD,0.0,-1.5104527865151665,0.25
2021-10-01,PSA,0.1236052113177216,0.5561807022037545,0.25
2021-10-01,QCOM,6.091329904262582e-19,-0.39356634896971643,0.25
2021-10-01,SBUX,0.0,0.9315851098253956,0.25
2021-10-01,SHW,0.0,-1.3120088511620531,0.25
2021-10-01,SLB,1.7162992698358066e-17,1.6295643605901724,0.25
2021-10-01,SO,0.0,2.5,0.25
2021-10-01,T,0.007927483613477384,0.2938930270839783,0.25
2021-10-01,TMUS,0.0,0.7961773966109595,0.25
2021-10-01,TTWO,0.03499332573310798,-0.018012352662053192,0.25
2021-10-01,UPS,0.013894168745342222,-0.012052005318297292,0.25
2021-10-01,USB,0.0,-0.4199152533212007,0.25
2021-10-01,V,0.0,0.33087399766106146,0.25
2021-10-01,WFC,2.448752394083801e-17,0.5008152863117388,0.25
2021-10-01,WMT,0.24264438865128002,0.7842243886266873,0.25
2021-10-01,XOM,0.0,-0.8172801377353393,0.25
2021-11-01,ABBV,0.11074539469621719,-0.21544092676252982,0.25
2021-11-01,ABT,1.7400831202312866e-17,-1.2518207649666906,0.25
2021-11-01,ADBE,1.2025637080612026e-17,-0.02854124307994521,0.25
2021-11-01,AEP,1.8136579478325756e-17,1.4379914671922605,0.25
2021-11-01,AMD,0.0,0.27227837909241737,0.25
2021-11-01,AMGN,7.560082626636467e-19,-0.568752665090417,0.25
2021-11-01,AMT,0.0,1.3299583284527055,0.25
2021-11-01,BA,1.6343750205339521e-18,-1.4458931530497632,0.25
2021-11-01,CAT,0.0,-1.091325949398932,0.25
2021-11-01,CCI,0.0,0.31586154397485394,0.25
2021-11-01,CMCSA,0.0,-0.17514264105245353,0.25
2021-11-01,COP,0.0,0.3442631131871379,0.25
2021-11-01,CVX,1.4781854452792596e-17,0.36755372687885574,0.25
2021-11-01,D,1.4766151492671568e-17,-0.2765058766826591,0.25
2021-11-01,DD,4.2915691018570226e-19,-2.105752705224064,0.25
2021-11-01,DIS,0.0,-0.1924039655803277,0.25
2021-11-01,DOW,1.0017190265672364e-19,-2.5,0.25
2021-11-01,DUK,1.8223293664090957e-17,2.1625851620239933,0.25
2021-11-01,EA,0.09884457377600323,0.3469159677561485,0.25
2021-11-01,GE,1.9967706555973672e-18,0.9805983064999234,0.25
2021-11-01,GILD,0.09609465471336479,-0.6095508940720875,0.25
2021-11-01,GS,2.425869149440677e-18,1.0956591373247238,0.25
2021-11-01,INTC,0.0,-0.34185980129249693,0.25
2021-11-01,KO,0.027858439212187544,-0.4911538619633703,0.25
2021-11-01,MMM,0.07063202495440891,-0.8921632985991301,0.25
2021-11-01,MRK,0.07434949856659297,-0.10212196263784096,0.25
2021-11-01,MS,0.0,-0.26204123562938775,0.25
2021-11-01,NEE,2.0076114436611357e-17,-0.11585374013003555,0.25
2021-11-01,NEM,0.10603514079483639,0.053909762726865255,0.25
2021-11-01,NKE,0.002138380624859045,-0.35031708940984824,0.25
2021-11-01,NUE,2.339863355875328e-18,-0.2732742731561147,0.25
2021-11-01,NVDA,0.0,0.7732211909856408,0.25
2021-11-01,O,0.0,1.9209681898271154,0.25
2021-11-01,OXY,6.780338746066312e-18,0.8499182208986684,0.25
2021-11-01,PLD,0.0,0.5016185241964786,0.25
2021-11-01,PSA,0.13361459553001814,1.0062876151655449,0.25
2021-11-01,QCOM,0.0,-0.9035196392547289,0.25
2021-11-01,SBUX,0.0,0.016344906521932188,0.25
2021-11-01,SHW,0.0,-1.5132852538825337,0.25
2021-11-01,SLB,3.987833388318808e-18,-0.08404581991055562,0.25
2021-11-01,SO,0.0,1.0582035401709422,0.25
2021-11-01,T,0.0,-0.48922316768969454,0.25
2021-11-01,TMUS,0.0,-1.3940058082397992,0.25
2021-11-01,TTWO,0.04581349335678197,1.0385689459079595,0.25
2021-11-01,UPS,0.019719927510704685,1.971612296135711,0.25
2021-11-01,USB,8.142219512885687e-18,0.6226785160147347,0.25
2021-11-01,V,0.0,-1.2077886868716918,0.25
2021-11-01,WFC,0.0,0.38192868055693224,0.25
2021-11-01,WMT,0.21415387626402507,0.4072225509784714,0.25
2021-11-01,XOM,0.0,-0.16934140576407833,0.25
2021-12-01,ABBV,0.10983538431603279,-0.16193107743003315,0.25
2021-12-01,ABT,0.0,0.8091499121700684,0.25
2021-12-01,ADBE,6.652900464979798e-18,-0.28078810157192247,0.25
2021-12-01,AEP,0.0,0.0790297828234847,0.25
2021-12-01,AMD,0.0,-0.06517549220538975,0.25
2021-12-01,AMGN,0.0,-0.29770649351185485,0.25
2021-12-01,AMT,0.0,1.8013227371718081,0.25
2021-12-01,BA,0.0,-1.148681634761456,0.25
2021-12-01,CAT,0.0,1.0185686293549285,0.25
2021-12-01,CCI,0.0,-0.3525512902979705,0.25
2021-12-01,CMCSA,4.505223964603457e-17,0.20914456101373385,0.25
2021-12-01,COP,0.0,-2.036361860904929,0.25
2021-12-01,CVX,3.918934493296389e-18,-0.6034859984316726,0.25
2021-12-01,D,0.0,1.1755066060688708,0.25
2021-12-01,DD,0.0,2.5,0.25
2021-12-01,DIS,1.2475490052894053e-17,0.03593363708841459,0.25
2021-12-01,DOW,5.1522604440579504e-18,-0.3516082872248721,0.25
2021-12-01,DUK,1.8508045259462537e-18,-0.09243960930160966,0.25
2021-12-01,EA,0.06592394065321157,-0.7642446344219389,0.25
2021-12-01,GE,0.0,-0.11841639708087215,0.25
2021-12-01,GILD,0.12194701161722162,0.4286940126019513,0.25
2021-12-01,GS,1.3844252977133662e-18,-0.634441758240193,0.25
2021-12-01,INTC,0.0,0.4447145870327043,0.25
2021-12-01,KO,0.03065754897796242,0.28608182424016526,0.25
2021-12-01,MMM,0.054649684967133905,-1.5985923301162646,0.25
2021-12-01,MRK,0.0475790719166047,-0.42994608638961074,0.25
2021-12-01,MS,0.0,-0.22980980448929533,0.25
2021-12-01,NEE,0.0,0.5610156799285493,0.25
2021-12-01,NEM,0.1539091624616004,1.726102525374311,0.25
2021-12-01,NKE,0.008140031259731067,-0.6647180506558645,0.25
2021-12-01,NUE,3.0419155594566927e-18,0.005991575359017463,0.25
2021-12-01,NVDA,9.880562166661519e-20,0.5818217756848306,0.25
2021-12-01,O,0.0,-0.4630201711319993,0.25
2021-12-01,OXY,2.5069036595071203e-18,-2.1567676366217348,0.25
2021-12-01,PLD,2.1142275070194215e-17,-0.7803210593323188,0.25
2021-12-01,PSA,0.18002619162388941,2.5,0.25
2021-12-01,QCOM,2.05555404961625e-17,0.4472383046470547,0.25
2021-12-01,SBUX,9.653928820537888e-18,0.7335184462545807,0.25
2021-12-01,SHW,2.7990292721319182e-18,-1.2618812953279994,0.25
2021-12-01,SLB,0.0,-0.7406756384674656,0.25
2021-12-01,SO,0.0,0.7749267589755319,0.25
2021-12-01,T,0.0,-0.2904102113469734,0.25
2021-12-01,TMUS,0.0,-0.5319248817927171,0.25
2021-12-01,TTWO,0.020123958342609615,-2.0655792394531005,0.25
2021-12-01,UPS,0.013655625913285209,0.6821693094713817,0.25
2021-12-01,USB,1.0418942369089782e-17,-0.04984730383332313,0.25
2021-12-01,V,1.3384674974086953e-18,0.507219619548822,0.25
2021-12-01,WFC,6.899866583121417e-18,0.9701358792583141,0.25
2021-12-01,WMT,0.19355238795071708,0.3018845490030421,0.25
2021-12-01,XOM,1.1815531705500701e-17,-0.5734644166344227,0.25
2022-01-03,ABBV,0.1146418641179266,0.26065471915518734,0.25
2022-01-03,ABT,0.0,2.3196083779154755,0.25
2022-01-03,ADBE,7.134358561506467e-18,0.3988723465434048,0.25
2022-01-03,AEP,0.0,-0.3365710463930403,0.25
2022-01-03,AMD,1.6149300917396786e-17,0.29283977752146506,0.25
2022-01-03,AMGN,5.437417678555403e-19,-1.2846768579858232,0.25
2022-01-03,AMT,0.0,-1.1800226998822938,0.25
2022-01-03,BA,0.0,-0.16189679241818283,0.25
2022-01-03,CAT,0.0,-0.7864304511138168,0.25
2022-01-03,CCI,6.919104169587056e-18,1.0377193089204613,0.25
2022-01-03,CMCSA,2.4606250842250837e-17,-0.5752645566769559,0.25
2022-01-03,COP,0.0,0.1429328724423718,0.25
2022-01-03,CVX,0.0,-0.9102504769074563,0.25
2022-01-03,D,2.7997927737704467e-18,-1.788141419087416,0.25
2022-01-03,DD,7.598109993042368e-18,-1.741741655184878,0.25
2022-01-03,DIS,0.0011266660857077086,-0.7542565779695606,0.25
2022-01-03,DOW,1.631912405166539e-17,-0.8700029485950752,0.25
2022-01-03,DUK,0.0,-2.5,0.25
2022-01-03,EA,0.07335272368116978,-0.12965747135118244,0.25
2022-01-03,GE,0.0,1.0461802866836984,0.25
2022-01-03,GILD,0.1056768457343726,-0.25763720224061865,0.25
2022-01-03,GS,0.0,-1.000564934536028,0.25
2022-01-03,INTC,4.9243682104767354e-18,0.19506694927818313,0.25
2022-01-03,KO,0.027609058745681772,1.0543104990926266,0.25
2022-01-03,MMM,0.06751745867802605,-0.6988345238627374,0.25
2022-01-03,MRK,0.0647104643606921,0.48513726567012017,0.25
2022-01-03,MS,0.0,-0.3107832563096536,0.25
2022-01-03,NEE,0.0,2.163869495430968,0.25
2022-01-03,NEM,0.12221739143281105,0.9827064151917033,0.25
2022-01-03,NKE,0.018782663228004853,0.5892822750984404,0.25
2022-01-03,NUE,0.0,1.1574365212592457,0.25
2022-01-03,NVDA,1.2492976490903098e-17,0.22287276877356116,0.25
2022-01-03,O,0.0,0.34563911217741267,0.25
2022-01-03,OXY,0.0,-1.1258433348463959,0.25
2022-01-03,PLD,0.0,0.18180441688082555,0.25
2022-01-03,PSA,0.14715682277662212,1.7907529451556667,0.25
2022-01-03,QCOM,2.01090953108322e-18,1.1868461919723212,0.25
2022-01-03,SBUX,0.0,-0.5744918888092889,0.25
2022-01-03,SHW,5.4179141718138454e-18,-0.007922590351110243,0.25
2022-01-03,SLB,0.0,-0.8806668236180137,0.25
2022-01-03,SO,1.0450204348336017e-17,-1.009625619956206,0.25
2022-01-03,T,5.6932626049471784e-18,0.2466082486103058,0.25
2022-01-03,TMUS,0.0,-0.13901945393955878,0.25
2022-01-03,TTWO,0.029846061840816104,-0.7011009280704663,0.25
2022-01-03,UPS,0.01752346204148506,1.4775472619757388,0.25
2022-01-03,USB,0.0,0.20704842872172727,0.25
2022-01-03,V,0.0,0.40838265376709204,0.25
2022-01-03,WFC,1.6070907347828926e-18,0.3676072239492332,0.25
2022-01-03,WMT,0.2098385172766842,0.6710845310325967,0.25
2022-01-03,XOM,0.0,0.6445476046738922,0.25
2022-02-01,ABBV,0.13812981702317687,-0.0357850332344588,0.25
2022-02-01,ABT,1.0730969015017977e-17,0.2825832668434396,0.25
2022-02-01,ADBE,2.1261461197948358e-17,-0.17555092608738646,0.25
2022-02-01,AEP,2.3890434313707012e-17,2.0413810318468593,0.25
2022-02-01,AMD,0.0,-0.3082077767318473,0.25
2022-02-01,AMGN,0.0,-0.5320004862704113,0.25
2022-02-01,AMT,1.508809894615672e-17,-0.228949839062398,0.25
2022-02-01,BA,0.0,-0.4726854190423172,0.25
2022-02-01,CAT,0.0,-0.7563758701406227,0.25
2022-02-01,CCI,1.4119428017070994e-17,2.2494779454229445,0.25
2022-02-01,CMCSA,6.109036608231249e-18,-0.9641106880218036,0.25
2022-02-01,COP,2.848620683054374e-17,0.6429059414484934,0.25
2022-02-01,CVX,7.513152274612698e-18,-0.5260437227781262,0.25
2022-02-01,D,4.533019607156312e-18,1.6925631942158113,0.25
2022-02-01,DD,6.387267976688464e-18,1.4736978165759633,0.25
2022-02-01,DIS,1.8707629000073682e-17,-1.1037468551268874,0.25
2022-02-01,DOW,0.0,-0.01203959545222682,0.25
2022-02-01,DUK,7.864937544244934e-18,-0.7682744747626613,0.25
2022-02-01,EA,0.08928998360029408,-0.49284229274804797,0.25
2022-02-01,GE,4.803396316750116e-19,-0.08131482732103328,0.25
2022-02-01,GILD,0.1103870476350784,-1.0242012582147189,0.25
2022-02-01,GS,0.0,-0.605814517097219,0.25
2022-02-01,INTC,0.0,-0.598582464778111,0.25
2022-02-01,KO,0.03140856551137128,-0.11386370660899872,0.25
2022-02-01,MMM,0.10269220249603406,0.07482804491553204,0.25
2022-02-01,MRK,0.05382816904154626,-1.4732960378929254,0.25
2022-02-01,MS,0.0,0.2425330458919359,0.25
2022-02-01,NEE,0.0,-0.1017930380108288,0.25
2022-02-01,NEM,0.10557502590524967,-0.48541957028237687,0.25
2022-02-01,NKE,0.014156962868744126,-1.4695609516988632,0.25
2022-02-01,NUE,0.0,-0.19952537645377963,0.25
2022-02-01,NVDA,2.6498195081867978e-18,-0.7023334902773721,0.25
2022-02-01,O,1.4710821393536794e-17,-0.11484553715598918,0.25
2022-02-01,OXY,7.383329860358196e-18,-0.9172301066310898,0.25
2022-02-01,PLD,0.0,-0.33162178404138515,0.25
2022-02-01,PSA,0.11149962127479915,-0.2570160621426129,0.25
2022-02-01,QCOM,5.205006783413488e-18,0.932380110110958,0.25
2022-02-01,SBUX,0.0,-0.6428831240654365,0.25
2022-02-01,SHW,3.4188822823902584e-18,-0.4734512264558536,0.25
2022-02-01,SLB,0.0,0.39146613403748376,0.25
2022-02-01,SO,2.275716618154053e-17,2.5,0.25
2022-02-01,T,0.0,-0.7517052698722428,0.25
2022-02-01,TMUS,0.0,0.539677300985667,0.25
2022-02-01,TTWO,0.027765352878655055,-1.1627962024159169,0.25
2022-02-01,UPS,0.0256019527232054,1.8257498478822705,0.25
2022-02-01,USB,6.0341922453466984e-18,1.6036726718239616,0.25
2022-02-01,V,0.0,0.42769078115107667,0.25
2022-02-01,WFC,1.4920801819487838e-17,0.5954640183156963,0.25
2022-02-01,WMT,0.18966529904184545,-0.708885397280269,0.25
2022-02-01,XOM,4.26182958668208e-18,0.12716570873862776,0.25
2022-03-01,ABBV,0.15904642381114575,1.466481788936628,0.25
2022-03-01,ABT,0.0,-0.7268978929661456,0.25
2022-03-01,ADBE,0.0,-0.7006747536005694,0.25
2022-03-01,AEP,0.0,-0.3108834803158459,0.25
2022-03-01,AMD,7.756351702331934e-19,-0.06730664345377971,0.25
2022-03-01,AMGN,0.0,-0.11996931881763208,0.25
2022-03-01,AMT,2.6993892111178398e-18,-0.06195062698905919,0.25
2022-03-01,BA,0.0,-1.1339049296487407,0.25
2022-03-01,CAT,0.0,-2.5,0.25
2022-03-01,CCI,3.715923170783222e-18,-0.8927212815875364,0.25
2022-03-01,CMCSA,0.0,-1.640468869468746,0.25
2022-03-01,COP,1.2105373749992528e-17,1.3358459737913222,0.25
2022-03-01,CVX,1.1985792294165514e-17,-0.5218509550705513,0.25
2022-03-01,D,2.7057724117172356e-17,1.3722100770134853,0.25
2022-03-01,DD,1.893983098862117e-17,1.1149433768403283,0.25
2022-03-01,DIS,0.007120534254434012,0.18897261241351293,0.25
2022-03-01,DOW,4.06280421896312e-18,-0.9969962284315775,0.25
2022-03-01,DUK,2.3797080566511204e-18,0.10548057419266114,0.25
2022-03-01,EA,0.08313469412907573,0.2465260612231086,0.25
2022-03-01,GE,3.0236881129540602e-18,-1.2086854740164237,0.25
2022-03-01,GILD,0.1156638923134585,0.05811134921479286,0.25
2022-03-01,GS,0.0,-1.397342111135505,0.25
2022-03-01,INTC,9.912123209008106e-18,-0.568513869572553,0.25
2022-03-01,KO,0.031006859764627595,0.47182945050204445,0.25
2022-03-01,MMM,0.062297978126291315,-0.4466241694457312,0.25
2022-03-01,MRK,0.06941480778907541,0.6837016168273817,0.25
2022-03-01,MS,1.985145658642331e-18,0.10411729879516003,0.25
2022-03-01,NEE,1.1610289557226462e-17,1.4346717725247253,0.25
2022-03-01,NEM,0.0695789066719241,-1.0131519772273316,0.25
2022-03-01,NKE,0.013035590262836013,-1.0222118383364986,0.25
2022-03-01,NUE,0.0,0.8800844366962015,0.25
2022-03-01,NVDA,6.309712464716725e-18,-0.3834789777779593,0.25
2022-03-01,O,6.887105876211763e-18,0.5230798499376939,0.25
2022-03-01,OXY,0.0,1.4065883764772567,0.25
2022-03-01,PLD,1.1899916101468702e-17,0.49150948508810016,0.25
2022-03-01,PSA,0.16042362226769838,2.5,0.25
2022-03-01,QCOM,6.790010414554427e-18,0.8532547757398571,0.25
2022-03-01,SBUX,1.09406596538635e-18,-0.4778213644135644,0.25
2022-03-01,SHW,0.0,-0.6355725195771516,0.25
2022-03-01,SLB,6.379456778023299e-18,0.05525364378156155,0.25
2022-03-01,SO,1.1878158590281474e-17,-0.2474228080668697,0.25
2022-03-01,T,0.0,-0.9449046378696959,0.25
2022-03-01,TMUS,0.0,0.8627442833377431,0.25
2022-03-01,TTWO,0.03699215265616406,0.5215566996916242,0.25
2022-03-01,UPS,0.015196024370493307,0.23717982284543349,0.25
2022-03-01,USB,7.502413294098722e-18,1.0277844973390666,0.25
2022-03-01,V,4.933642454885486e-19,-0.1668785951652475,0.25
2022-03-01,WFC,2.761816937285762e-18,-0.3394950997773413,0.25
2022-03-01,WMT,0.17708851358277566,0.024475292631921036,0.25
2022-03-01,XOM,0.0,-0.004553735916484692,0.25
2022-04-01,ABBV,0.13379922778312334,0.10391386686520764,0.25
2022-04-01,ABT,0.0,0.46298821578295524,0.25
2022-04-01,ADBE,2.3193601315131686e-19,-1.3276840638363039,0.25
2022-04-01,AEP,0.0011449008738405354,-1.656005380980335,0.25
2022-04-01,AMD,9.54850589526511e-18,0.3997640744765624,0.25
2022-04-01,AMGN,6.491187220871868e-18,-2.211262185118174,0.25
2022-04-01,AMT,0.0,-0.01586490641194019,0.25
2022-04-01,BA,2.678001071745387e-17,-0.8157255416295114,0.25
2022-04-01,CAT,8.408726522711248e-18,-0.33372744958177897,0.25
2022-04-01,CCI,2.4158606373766695e-17,2.5,0.25
2022-04-01,CMCSA,0.0,-1.273565657218848,0.25
2022-04-01,COP,0.0,1.2984155815631229,0.25
2022-04-01,CVX,0.0,-0.24056547908939688,0.25
2022-04-01,D,2.2301249202845416e-18,-0.44706362889374873,0.25
2022-04-01,DD,1.870753289016521e-17,2.2787842390812565,0.25
2022-04-01,DIS,0.007102831272184949,-0.20662294327987907,0.25
2022-04-01,DOW,1.6815492659063808e-17,0.3475994808585207,0.25
2022-04-01,DUK,4.732057656532006e-18,0.5850612601032469,0.25
2022-04-01,EA,0.06134388488585693,-1.5444786914846171,0.25
2022-04-01,GE,3.2874962169035918e-18,-0.9209369888160717,0.25
2022-04-01,GILD,0.11877743280442135,-0.43863059613069333,0.25
2022-04-01,GS,0.0,-1.0799160697712253,0.25
2022-04-01,INTC,0.0,0.07000766726527427,0.25
2022-04-01,KO,0.03346819863524605,0.10245894445644707,0.25
2022-04-01,MMM,0.066827469411591,-1.0915660912077834,0.25
2022-04-01,MRK,0.07867544283148113,0.1356646258595698,0.25
2022-04-01,MS,2.417064480732056e-18,-1.0292178818402171,0.25
2022-04-01,NEE,0.0,-0.2967233828394237,0.25
2022-04-01,NEM,0.10100694905668946,-0.30520772949279035,0.25
2022-04-01,NKE,0.011223186585841507,-0.3152111087662474,0.25
2022-04-01,NUE,0.0,0.9220382274141667,0.25
2022-04-01,NVDA,0.0,0.14301474910296708,0.25
2022-04-01,O,0.0,0.7551397991755998,0.25
2022-04-01,OXY,0.0,0.23128139631368785,0.25
2022-04-01,PLD,0.0,1.0494789747341615,0.25
2022-04-01,PSA,0.09601343348013072,0.054057020965323714,0.25
2022-04-01,QCOM,0.0,0.8295057795269578,0.25
2022-04-01,SBUX,0.0,-1.0371672908325535,0.25
2022-04-01,SHW,0.0,-0.8660010323221476,0.25
2022-04-01,SLB,0.0,-1.642616506705604,0.25
2022-04-01,SO,0.0,1.1428567514459773,0.25
2022-04-01,T,9.769135000353631e-18,0.63258226299246,0.25
2022-04-01,TMUS,1.086554486047375e-17,0.47194113927679976,0.25
2022-04-01,TTWO,0.05522332891674218,1.411214894120441,0.25
2022-04-01,UPS,0.02488123711826565,1.753559564431064,0.25
2022-04-01,USB,0.0,0.0990917115414492,0.25
2022-04-01,V,0.0,0.8261833609406875,0.25
2022-04-01,WFC,6.0635211156266446e-18,0.7696419533788589,0.25
2022-04-01,WMT,0.21051247634458495,0.05965717974632594,0.25
2022-04-01,XOM,0.0,-0.4357761232700062,0.25
2022-05-02,ABBV,0.1411636334784435,0.5805164723971892,0.25
2022-05-02,ABT,4.05491059019053e-18,0.762300979966722,0.25
2022-05-02,ADBE,0.0,-0.32879003731073225,0.25
2022-05-02,AEP,0.0,1.2298847867926899,0.25
2022-05-02,AMD,1.6272463948441452e-18,-1.1394915932265328,0.25
2022-05-02,AMGN,2.388878068177231e-18,-0.22275911170302362,0.25
2022-05-02,AMT,0.0,-0.4434643753565829,0.25
2022-05-02,BA,2.8127114885968625e-18,-1.4766122645760582,0.25
2022-05-02,CAT,6.326438625154675e-18,-0.3886554392945491,0.25
2022-05-02,CCI,0.0,1.2663411174562187,0.25
2022-05-02,CMCSA,3.3023371548806767e-18,-0.5682274741713064,0.25
2022-05-02,COP,0.0,0.7748392470040575,0.25
2022-05-02,CVX,0.0,0.509745784795055,0.25
2022-05-02,D,0.0,0.6448198270821749,0.25
2022-05-02,DD,1.3431470932924118e-18,-1.4887035808820999,0.25
2022-05-02,DIS,0.006278094007835441,-0.4626511218115115,0.25
2022-05-02,DOW,0.0,0.792755339180795,0.25
2022-05-02,DUK,0.0,2.5,0.25
2022-05-02,EA,0.07552517880046968,-0.9441599940152958,0.25
2022-05-02,GE,4.0195565038183535e-18,-0.11094904600816667,0.25
2022-05-02,GILD,0.11333477509824638,-0.6082068413909928,0.25
2022-05-02,GS,6.621974247760124e-18,-0.20208672081080015,0.25
2022-05-02,INTC,0.0,-1.1339030420776555,0.25
2022-05-02,KO,0.04718015355058189,-0.21654665761647562,0.25
2022-05-02,MMM,0.10049873069757623,0.2428466613707181,0.25
2022-05-02,MRK,0.07744066098106533,-0.39608189957383677,0.25
2022-05-02,MS,0.0,-0.09954555630372017,0.25
2022-05-02,NEE,0.0,0.42033199507894403,0.25
2022-05-02,NEM,0.16339875614760474,1.5698556636458705,0.25
2022-05-02,NKE,0.004760892987908175,-1.3214417924100967,0.25
2022-05-02,NUE,5.6620163027663934e-18,2.5,0.25
2022-05-02,NVDA,7.288849491444593e-18,-0.821393304770212,0.25
2022-05-02,O,0.0,-0.13569408130422356,0.25
2022-05-02,OXY,0.0,2.2315298203943805,0.25
2022-05-02,PLD,0.0,0.7665072590621583,0.25
2022-05-02,PSA,0.05648658224380972,-1.3161938014473236,0.25
2022-05-02,QCOM,1.6991856051895988e-17,-0.10386073869138378,0.25
2022-05-02,SBUX,0.0,-0.5199247021912793,0.25
2022-05-02,SHW,0.0,-0.00344327516501863,0.25
2022-05-02,SLB,0.0,-0.2914285390057353,0.25
2022-05-02,SO,0.0,0.9741355616281506,0.25
2022-05-02,T,0.0,0.10852581266060986,0.25
2022-05-02,TMUS,0.0,-1.3265840861309972,0.25
2022-05-02,TTWO,0.031864182468703546,-1.0018807252192437,0.25
2022-05-02,UPS,0.017954662020948267,0.3606325131841149,0.25
2022-05-02,USB,6.176277788432858e-18,-0.8252628872849186,0.25
2022-05-02,V,0.0,-0.06322783378037374,0.25
2022-05-02,WFC,2.3583642060590188e-18,0.6573912849652946,0.25
2022-05-02,WMT,0.1641136975168071,-0.9834513391046624,0.25
2022-05-02,XOM,0.0,-0.5118834472667615,0.25
2022-06-01,ABBV,0.1443096041425851,0.6405432644870763,0.25
2022-06-01,ABT,7.777849009783243e-18,0.5382096429977816,0.25
2022-06-01,ADBE,0.0,0.7343871473412701,0.25
2022-06-01,AEP,0.04348244416287889,2.484204198566191,0.25
2022-06-01,AMD,3.422462888698385e-18,0.05106865921485888,0.25
2022-06-01,AMGN,1.919706535908446e-18,-0.2837273818151429,0.25
2022-06-01,AMT,2.1737826348812233e-18,0.046974003009062314,0.25
2022-06-01,BA,1.1116093942956171e-17,-1.1944022412675888,0.25
2022-06-01,CAT,1.5998306383572043e-18,0.38362689320685084,0.25
2022-06-01,CCI,3.296537355034447e-18,-0.8037077377468881,0.25
2022-06-01,CMCSA,6.127631699221386e-18,-1.0860833954135436,0.25
2022-06-01,COP,0.0,1.626307125638869,0.25
2022-06-01,CVX,2.5506297055646927e-17,0.4335339997804989,0.25
2022-06-01,D,8.863168653909374e-18,-0.17919490383433057,0.25
2022-06-01,DD,0.0,0.25464658036608057,0.25
2022-06-01,DIS,0.009560737159777549,-0.6841618271534077,0.25
2022-06-01,DOW,1.1990860567664242e-17,-0.01936883614075647,0.25
2022-06-01,DUK,1.4270738990409864e-17,-0.8004359612787412,0.25
2022-06-01,EA,0.08355924929400044,-0.03311430457708969,0.25
2022-06-01,GE,3.689403691053393e-18,-0.702662471331166,0.25
2022-06-01,GILD,0.13044465761923943,0.10210020940370539,0.25
2022-06-01,GS,0.0,-0.4892758695935743,0.25
2022-06-01,INTC,0.0,-0.46488542498852187,0.25
2022-06-01,KO,0.013404699602595391,-0.28044000181734097,0.25
2022-06-01,MMM,0.11397921945453925,0.8076980263591378,0.25
2022-06-01,MRK,0.09195867949758384,0.2676758231495305,0.25
2022-06-01,MS,9.1415145948446e-18,-1.2289934638325593,0.25
2022-06-01,NEE,0.0,1.422366274249151,0.25
2022-06-01,NEM,0.0540709169617734,-2.5,0.25
2022-06-01,NKE,4.3959475924931505e-18,-0.5820893875520166,0.25
2022-06-01,NUE,2.5894046593401834e-18,1.0560787349794822,0.25
2022-06-01,NVDA,0.0,-0.32243966456872697,0.25
2022-06-01,O,0.0,1.0563828264949207,0.25
2022-06-01,OXY,0.0,0.9251692880243957,0.25
2022-06-01,PLD,0.0,-1.148093240765828,0.25
2022-06-01,PSA,0.10837117328421297,2.2502399101573514,0.25
2022-06-01,QCOM,7.13000951404253e-18,-0.8890829821935833,0.25
2022-06-01,SBUX,0.0,-0.9519276896203293,0.25
2022-06-01,SHW,1.1100155279245584e-18,-1.107960607867094,0.25
2022-06-01,SLB,3.1922734979020265e-18,-0.27165432805730333,0.25
2022-06-01,SO,1.2842783271283281e-17,-1.4253390607455143,0.25
2022-06-01,T,1.9852505018496624e-18,0.2171042515986601,0.25
2022-06-01,TMUS,0.0,1.1922620863015931,0.25
2022-06-01,TTWO,0.030105678528740104,-1.1261117683641275,0.25
2022-06-01,UPS,0.01761096586741161,1.2956234129940838,0.25
2022-06-01,USB,9.700232769417972e-18,1.601159673428426,0.25
2022-06-01,V,0.0,-0.7903500524850531,0.25
2022-06-01,WFC,0.0,-0.16601293559395314,0.25
2022-06-01,WMT,0.15914197442466202,-0.47839062450285175,0.25
2022-06-01,XOM,9.038433703814452e-18,0.6745050211076147,0.25
2022-07-01,ABBV,0.12724467495006594,0.09383973145328961,0.25
2022-07-01,ABT,1.955382055495383e-17,0.10574743015396622,0.25
2022-07-01,ADBE,1.8608160008394436e-18,-0.7315096594838928,0.25
2022-07-01,AEP,0.020528357368562872,0.7014374362839197,0.25
2022-07-01,AMD,0.0,-0.606384999247182,0.25
2022-07-01,AMGN,0.0,2.0652547329314244,0.25
2022-07-01,AMT,6.516129352022288e-18,-0.19622312267434278,0.25
2022-07-01,BA,1.0946096445249138e-17,0.6771273802617238,0.25
2022-07-01,CAT,2.5645477330160372e-18,-0.914853539413453,0.25
2022-07-01,CCI,0.0,-1.6423776091433004,0.25
2022-07-01,CMCSA,0.0,-0.5993855150011012,0.25
2022-07-01,COP,5.761176706298773e-18,-0.47629996266527075,0.25
2022-07-01,CVX,3.34783816746983e-18,0.5043716081452516,0.25
2022-07-01,D,0.0,2.5,0.25
2022-07-01,DD,0.0,-2.218976160741434,0.25
2022-07-01,DIS,0.0068086351899767006,-0.4042637854452183,0.25
2022-07-01,DOW,4.2090825505375614e-18,-0.882645243171169,0.25
2022-07-01,DUK,9.781324640347455e-18,0.9380650419646083,0.25
2022-07-01,EA,0.09222502979119435,-0.038624528813290565,0.25
2022-07-01,GE,0.0,-1.528078246175039,0.25
2022-07-01,GILD,0.15018243098535966,0.40638993111895405,0.25
2022-07-01,GS,0.0,-0.3594077992356635,0.25
2022-07-01,INTC,2.574533545084852e-17,0.3487559543339944,0.25
2022-07-01,KO,0.034140737844808026,0.5472239143255555,0.25
2022-07-01,MMM,0.08866855729336408,-0.5913242239851026,0.25
2022-07-01,MRK,0.08845853873187474,0.0417052891442835,0.25
2022-07-01,MS,6.22925004267056e-18,-0.41515133794840203,0.25
2022-07-01,NEE,0.0,0.30662742870830206,0.25
2022-07-01,NEM,0.11094510770818597,0.18656412618559393,0.25
2022-07-01,NKE,0.0,-1.6255545977647992,0.25
2022-07-01,NUE,4.727881683034085e-18,1.6798654666547144,0.25
2022-07-01,NVDA,8.607895010668605e-18,-1.012128359843422,0.25
2022-07-01,O,0.0,0.5420535890562636,0.25
2022-07-01,OXY,1.0246235050668431e-17,0.7226456368201576,0.25
2022-07-01,PLD,2.003160300333999e-18,0.8034535349391493,0.25
2022-07-01,PSA,0.04447830496832199,-1.4014747541375046,0.25
2022-07-01,QCOM,3.0860408855014722e-18,-0.29139220510806885,0.25
2022-07-01,SBUX,5.926810671990347e-18,0.47258894098384086,0.25
2022-07-01,SHW,1.8771474591923866e-17,0.31139006253358503,0.25
2022-07-01,SLB,6.351796103970359e-18,-0.3565839671772888,0.25
2022-07-01,SO,0.0,-0.7807057161456424,0.25
2022-07-01,T,8.025717016814678e-18,-0.22120573100255111,0.25
2022-07-01,TMUS,0.0,0.14747289122885837,0.25
2022-07-01,TTWO,0.03957260190184408,0.2824913622862595,0.25
2022-07-01,UPS,0.03159732354757638,2.5,0.25
2022-07-01,USB,0.0,-0.4905531233091249,0.25
2022-07-01,V,1.11401124916121e-17,-0.4745326367833996,0.25
2022-07-01,WFC,0.0,0.9075655287444485,0.25
2022-07-01,WMT,0.16514969971886512,-0.5996233818161569,0.25
2022-07-01,XOM,0.0,0.4242536873906271,0.25
2022-08-01,ABBV,0.13963644239754583,0.256799953304389,0.25
2022-08-01,ABT,0.0,1.273201282902737,0.25
2022-08-01,ADBE,3.6709211015558475e-18,-0.32823888723406375,0.25
2022-08-01,AEP,0.01943673885236555,-0.5795788794981108,0.25
2022-08-01,AMD,2.166632192248179e-18,0.00991289977013915,0.25
2022-08-01,AMGN,6.1521165604056266e-18,0.7936612126137825,0.25
2022-08-01,AMT,0.0,1.5121585013173826,0.25
2022-08-01,BA,0.0,0.3653855375793172,0.25
2022-08-01,CAT,2.879470417711432e-18,0.09160345991862516,0.25
2022-08-01,CCI,0.0,1.6657020341174988,0.25
2022-08-01,CMCSA,6.4587302956747e-19,-0.98830816772371,0.25
2022-08-01,COP,8.716518200170243e-18,0.19404262588302068,0.25
2022-08-01,CVX,1.5138419220748612e-17,0.6800090600074761,0.25
2022-08-01,D,0.0,0.4134023211875726,0.25
2022-08-01,DD,6.992098027657179e-18,-1.143239719344691,0.25
2022-08-01,DIS,0.0032992305040969207,-0.7542929651178422,0.25
2022-08-01,DOW,0.0,-1.3243635352268095,0.25
2022-08-01,DUK,0.0,0.35647067671545324,0.25
2022-08-01,EA,0.10308511507415914,0.2603181708523675,0.25
2022-08-01,GE,7.06146506421658e-18,0.14293955355804397,0.25
2022-08-01,GILD,0.1457729132362649,0.17392393087126926,0.25
2022-08-01,GS,2.5489111734606134e-18,-1.0714149638268713,0.25
2022-08-01,INTC,1.068397105313081e-18,-0.6135748782931622,0.25
2022-08-01,KO,0.028658836524768423,-0.46530369142823885,0.25
2022-08-01,MMM,0.07056714696647087,-1.9237777174603508,0.25
2022-08-01,MRK,0.10110015967587029,0.3856166048787977,0.25
2022-08-01,MS,5.341733311089809e-18,-1.5608897526613636,0.25
2022-08-01,NEE,2.0536237668504433e-17,1.1447241402222375,0.25
2022-08-01,NEM,0.07134565861848637,-1.5711214295861358,0.25
2022-08-01,NKE,7.055928644506062e-18,-1.1373710017302956,0.25
2022-08-01,NUE,0.0,2.2881006798615795,0.25
2022-08-01,NVDA,0.0,-0.31557831888339927,0.25
2022-08-01,O,1.1528628426283905e-17,-0.2687488580281178,0.25
2022-08-01,OXY,0.0,1.0737002266580709,0.25
2022-08-01,PLD,8.036993083478843e-18,1.0972877414382485,0.25
2022-08-01,PSA,0.05207871035705735,-0.7277586164107626,0.25
2022-08-01,QCOM,0.0,0.33498729534460525,0.25
2022-08-01,SBUX,3.3003100168493103e-18,-0.10010926623958091,0.25
2022-08-01,SHW,0.0,-0.789925900206685,0.25
2022-08-01,SLB,7.109302761999683e-18,-0.2506356884768442,0.25
2022-08-01,SO,0.0,1.5252667921557488,0.25
2022-08-01,T,0.0,-0.9308926169998069,0.25
2022-08-01,TMUS,2.6714071844330126e-18,-1.4710336662406192,0.25
2022-08-01,TTWO,0.06149195192699994,1.5844520109840339,0.25
2022-08-01,UPS,0.022964422884866525,2.23454836506732,0.25
2022-08-01,USB,8.16815995719831e-18,-0.35229001509035174,0.25
2022-08-01,V,0.0,-0.22212442703756624,0.25
2022-08-01,WFC,3.8758620411099354e-19,-0.9778076531450477,0.25
2022-08-01,WMT,0.18056267298104772,-0.39541895347421085,0.25
2022-08-01,XOM,2.2498560648157948e-17,0.4055844921549154,0.25
2022-09-01,ABBV,0.12552768531921518,-0.157980596581576,0.25
2022-09-01,ABT,1.5788451218645683e-17,1.0308007220580162,0.25
2022-09-01,ADBE,0.0,0.839782874010757,0.25
2022-09-01,AEP,0.04068809917250259,2.3663384415557314,0.25
2022-09-01,AMD,0.0,-0.2564849633621538,0.25
2022-09-01,AMGN,0.0,0.6778820162429702,0.25
2022-09-01,AMT,0.0,1.7150533121793594,0.25
2022-09-01,BA,7.726025359967417e-18,-1.295055055736952,0.25
2022-09-01,CAT,0.0,-1.7011524907770703,0.25
2022-09-01,CCI,1.1016716867055348e-18,0.2171529818686238,0.25
2022-09-01,CMCSA,0.0,-1.4809727608061507,0.25
2022-09-01,COP,0.0,1.624485111261257,0.25
2022-09-01,CVX,0.0,-0.30952506091754795,0.25
2022-09-01,D,0.0,-0.3631592551276785,0.25
2022-09-01,DD,0.0,-2.1344367577347785,0.25
2022-09-01,DIS,0.0,-0.1909201974832214,0.25
2022-09-01,DOW,0.0,-1.6366906789271742,0.25
2022-09-01,DUK,0.0,1.4473057614922735,0.25
2022-09-01,EA,0.0933288356447969,-0.39571751788213766,0.25
2022-09-01,GE,0.0,0.7706897729952408,0.25
2022-09-01,GILD,0.09623785586045203,-1.39624724003396,0.25
2022-09-01,GS,0.0,0.055758203542098074,0.25
2022-09-01,INTC,0.0,0.007039092146329094,0.25
2022-09-01,KO,0.045948574680405196,0.5811177307575536,0.25
2022-09-01,MMM,0.07995000881083067,-0.7964727013936248,0.25
2022-09-01,MRK,0.08901734689621794,-0.2597428948613918,0.25
2022-09-01,MS,0.0,0.0021718574584644913,0.25
2022-09-01,NEE,0.0,0.9655413632882599,0.25
2022-09-01,NEM,0.10126759997426037,-0.1318213858187528,0.25
2022-09-01,NKE,0.0,-1.1925615243052738,0.25
2022-09-01,NUE,3.4780898407640924e-18,-0.006678725294596413,0.25
2022-09-01,NVDA,1.2156147126193213e-17,-0.7111054362356873,0.25
2022-09-01,O,2.854218237648489e-17,1.2661525513970031,0.25
2022-09-01,OXY,2.160661844297562e-18,0.43753623764474425,0.25
2022-09-01,PLD,0.0,0.23622518413739224,0.25
2022-09-01,PSA,0.07847527434499266,1.0046813339397513,0.25
2022-09-01,QCOM,1.1927707209190296e-17,0.9484432263997334,0.25
2022-09-01,SBUX,0.0,-0.5596320481842241,0.25
2022-09-01,SHW,2.6906700035114667e-18,-2.5,0.25
2022-09-01,SLB,8.658999955057402e-19,0.3448556695429506,0.25
2022-09-01,SO,2.206335265859823e-17,-0.4317143440881428,0.25
2022-09-01,T,0.008276133460764832,-0.2753094853484907,0.25
2022-09-01,TMUS,1.3712492053484045e-17,0.20259211633337768,0.25
2022-09-01,TTWO,0.02908516334377968,-0.6870685188937932,0.25
2022-09-01,UPS,0.019384966517738488,0.3617959380905494,0.25
2022-09-01,USB,1.4129807750453858e-17,0.6928202487433157,0.25
2022-09-01,V,0.0,-0.2242580740854209,0.25
2022-09-01,WFC,0.0,0.8930257497850755,0.25
2022-09-01,WMT,0.19281245597404337,0.0003838224845552749,0.25
2022-09-01,XOM,4.177842056194942e-18,0.5109080182677243,0.25
2022-10-03,ABBV,0.16309754089534473,1.4830149948337503,0.25
2022-10-03,ABT,1.0993602564031321e-17,-0.025575760457598476,0.25
2022-10-03,ADBE,0.0,-0.3438667821649986,0.25
2022-10-03,AEP,0.0074979208474413315,0.3621046572824953,0.25
2022-10-03,AMD,0.0,-0.1899769063646415,0.25
2022-10-03,AMGN,0.0,-0.10047383893312363,0.25
2022-10-03,AMT,0.0,0.8682981075940522,0.25
2022-10-03,BA,3.885250146763134e-18,-1.033220499109707,0.25
2022-10-03,CAT,0.0,-0.7399826191461322,0.25
2022-10-03,CCI,8.3564048046143e-19,-0.004521570948270819,0.25
2022-10-03,CMCSA,0.0,0.1400503650803448,0.25
2022-10-03,COP,0.0,-0.36423017434774574,0.25
2022-10-03,CVX,1.2894825140292743e-19,0.061953096401445154,0.25
2022-10-03,D,0.0,0.3198574524975563,0.25
2022-10-03,DD,7.392625882211257e-18,-0.8270011335575307,0.25
2022-10-03,DIS,0.0,-0.6698576905358722,0.25
2022-10-03,DOW,0.0,-1.2916730592260854,0.25
2022-10-03,DUK,1.431994318842583e-17,1.2040829297924966,0.25
2022-10-03,EA,0.05049496460770615,-2.5,0.25
2022-10-03,GE,5.4722199089259094e-18,0.44085041807581243,0.25
2022-10-03,GILD,0.11244921213837086,-0.11018059961429374,0.25
2022-10-03,GS,5.0819793390640464e-18,-1.326149476718867,0.25
2022-10-03,INTC,4.423040526003928e-18,-0.7939335196405064,0.25
2022-10-03,KO,0.07200512310347261,1.7091452656219481,0.25
2022-10-03,MMM,0.06637287099262293,-0.8493268408807741,0.25
2022-10-03,MRK,0.0944043289403995,-0.09494289419914326,0.25
2022-10-03,MS,1.6758973809943716e-18,-1.204242800212414,0.25
2022-10-03,NEE,0.0,1.063337266263821,0.25
2022-10-03,NEM,0.0753344992006182,-0.8983701979515057,0.25
2022-10-03,NKE,0.0,0.7435579526707935,0.25
2022-10-03,NUE,2.100505069059653e-18,-1.4065079977737966,0.25
2022-10-03,NVDA,0.0,-0.8605026502760852,0.25
2022-10-03,O,0.0,1.1462257141282828,0.25
2022-10-03,OXY,0.0,1.1656834073253495,0.25
2022-10-03,PLD,0.0,0.28768863775839965,0.25
2022-10-03,PSA,0.04084354042117459,-1.5488951182322233,0.25
2022-10-03,QCOM,0.0,-0.8354442642524149,0.25
2022-10-03,SBUX,0.0,1.3623150057103135,0.25
2022-10-03,SHW,2.4497393135597098e-18,-0.22345611463960335,0.25
2022-10-03,SLB,8.731766891374783e-18,0.14254697520841295,0.25
2022-10-03,SO,0.0,1.1787945544115197,0.25
2022-10-03,T,0.014487912587799136,0.7255221172334789,0.25
2022-10-03,TMUS,0.0,-0.24932480876762653,0.25
2022-10-03,TTWO,0.022214849915682042,-0.9130673720514471,0.25
2022-10-03,UPS,0.015677924534796325,-0.07790744018392093,0.25
2022-10-03,USB,3.587660589174244e-18,0.22110185057308981,0.25
2022-10-03,V,0.0,0.5047654853596741,0.25
2022-10-03,WFC,1.2810961321558842e-17,2.5,0.25
2022-10-03,WMT,0.2651193118145715,1.5718592032916798,0.25
2022-10-03,XOM,3.579502434913859e-18,0.2956418216742242,0.25
2022-11-01,ABBV,0.14364986635963456,0.7550806717493806,0.25
2022-11-01,ABT,0.0,-0.484087167055768,0.25
2022-11-01,ADBE,2.9219990319567168e-18,0.15546764202599694,0.25
2022-11-01,AEP,1.143843188994573e-18,1.1837375582526832,0.25
2022-11-01,AMD,4.179422169606513e-18,-0.801287056814547,0.25
2022-11-01,AMGN,0.0,-1.7061529878497963,0.25
2022-11-01,AMT,1.3129317849510047e-17,1.1392233933016176,0.25
2022-11-01,BA,1.0648581242839632e-17,-1.0452411177459686,0.25
2022-11-01,CAT,0.0,0.2309235612590021,0.25
2022-11-01,CCI,0.0,-0.0816583133814359,0.25
2022-11-01,CMCSA,0.0,1.1002713438817533,0.25
2022-11-01,COP,0.0,1.8584112972833926,0.25
2022-11-01,CVX,4.761387683959265e-18,0.7701299095377148,0.25
2022-11-01,D,1.1499106302386242e-17,0.384357846968776,0.25
2022-11-01,DD,4.929959962499726e-18,0.8894440892334337,0.25
2022-11-01,DIS,0.0,0.4325755577306441,0.25
2022-11-01,DOW,3.6201323533304816e-18,-1.8212716144275085,0.25
2022-11-01,DUK,7.667660599027315e-18,-0.8730860826708073,0.25
2022-11-01,EA,0.0571754132548953,-2.0893114737529905,0.25
2022-11-01,GE,6.210706743584882e-18,0.04206266538968838,0.25
2022-11-01,GILD,0.11236065078954477,0.32010402614211103,0.25
2022-11-01,GS,1.7938151226984627e-18,0.0008343969530286761,0.25
2022-11-01,INTC,0.0,-1.1687718804263054,0.25
2022-11-01,KO,0.06372822629003423,0.05041294337115605,0.25
2022-11-01,MMM,0.12846408190645575,2.330095465757178,0.25
2022-11-01,MRK,0.1302857847252774,0.8650177527652895,0.25
2022-11-01,MS,0.0,-0.7752986073923402,0.25
2022-11-01,NEE,2.4307235428882917e-17,1.146602413524699,0.25
2022-11-01,NEM,0.06519069283421286,-1.5086711728778102,0.25
2022-11-01,NKE,2.3639523699180443e-18,-1.6294959979917472,0.25
2022-11-01,NUE,6.7647437699664344e-18,-0.30511769736563815,0.25
2022-11-01,NVDA,2.866819308731799e-18,-0.7204125378892563,0.25
2022-11-01,O,6.258416988313769e-18,-0.6871398126388119,0.25
2022-11-01,OXY,1.3145638118807526e-17,0.04804215746272578,0.25
2022-11-01,PLD,3.934583486595192e-18,-0.8727943169538629,0.25
2022-11-01,PSA,0.05922094273634902,-0.2541392166599375,0.25
2022-11-01,QCOM,9.27518923841437e-18,0.015348103754800786,0.25
2022-11-01,SBUX,0.0,0.38902211981647133,0.25
2022-11-01,SHW,2.5711163200762867e-18,-1.0299366796844376,0.25
2022-11-01,SLB,0.0,0.634920276745395,0.25
2022-11-01,SO,2.654480518137854e-18,0.2531163226560266,0.25
2022-11-01,T,0.005238769913325241,-0.3012509174775904,0.25
2022-11-01,TMUS,0.0,0.2746255186590675,0.25
2022-11-01,TTWO,0.03869222339483627,0.8544454652781645,0.25
2022-11-01,UPS,0.02872780028867483,2.2735886076638696,0.25
2022-11-01,USB,2.9658341942921434e-18,-1.2588640184457365,0.25
2022-11-01,V,5.6785164263953824e-18,0.31351152465262533,0.25
2022-11-01,WFC,4.082900753935565e-18,0.9756398221908108,0.25
2022-11-01,WMT,0.1672655475067597,-0.3723471495886192,0.25
2022-11-01,XOM,3.4751754068625865e-17,0.09932336508340696,0.25
2022-12-01,ABBV,0.10909907212640622,-0.6167093238778185,0.25
2022-12-01,ABT,7.031977164259194e-19,0.03332881426564021,0.25
2022-12-01,ADBE,0.0,0.41224471862346224,0.25
2022-12-01,AEP,0.0,2.2575692419057276,0.25
2022-12-01,AMD,0.0,-1.4452694416595628,0.25
2022-12-01,AMGN,1.1924380792625658e-17,0.1722164034100086,0.25
2022-12-01,AMT,1.462995880050887e-17,2.5,0.25
2022-12-01,BA,9.866936918187004e-18,-1.7143248624041751,0.25
2022-12-01,CAT,0.0,0.9762924045747655,0.25
2022-12-01,CCI,0.0,0.05143836555348627,0.25
2022-12-01,CMCSA,9.252941446689051e-18,0.06629863109585855,0.25
2022-12-01,COP,0.0,0.3612553127090318,0.25
2022-12-01,CVX,3.3283753440668394e-18,-0.8136583305160034,0.25
2022-12-01,D,0.0,0.010199265550842102,0.25
2022-12-01,DD,0.0,-1.6469437042026591,0.25
2022-12-01,DIS,3.3464070512913622e-18,-0.8302668572376931,0.25
2022-12-01,DOW,0.0,-0.6673990332203777,0.25
2022-12-01,DUK,1.2575419500546131e-17,-0.874733273742563,0.25
2022-12-01,EA,0.07735960522965349,-1.2862910853599592,0.25
2022-12-01,GE,0.0,-0.08316851319592834,0.25
2022-12-01,GILD,0.1372211304102298,0.6050093407227093,0.25
2022-12-01,GS,0.0,0.11586216269871893,0.25
2022-12-01,INTC,1.1307442941427687e-18,-1.4181549508676674,0.25
2022-12-01,KO,0.06016833722263222,-0.8464725790320621,0.25
2022-12-01,MMM,0.07530762242237062,-0.11767354301598053,0.25
2022-12-01,MRK,0.16075413029864635,0.8921884970552765,0.25
2022-12-01,MS,6.911990685442594e-18,-1.0226055851225806,0.25
2022-12-01,NEE,0.0,0.2905321384906037,0.25
2022-12-01,NEM,0.08513432769095182,-0.32369018326339605,0.25
2022-12-01,NKE,5.21858211107514e-19,0.4604548779983908,0.25
2022-12-01,NUE,2.613601305741182e-18,1.0364936207489304,0.25
2022-12-01,NVDA,4.0064610828475605e-18,-1.083860452384157,0.25
2022-12-01,O,2.6637258435879865e-18,1.2190542932089519,0.25
2022-12-01,OXY,1.9719437069854523e-17,0.4406399259435501,0.25
2022-12-01,PLD,0.0,0.9967420377985721,0.25
2022-12-01,PSA,0.03851771627989457,-1.2224157914965321,0.25
2022-12-01,QCOM,3.3997340863003635e-18,-2.0137897682929733,0.25
2022-12-01,SBUX,0.0,0.1312284210155327,0.25
2022-12-01,SHW,0.0,0.40465659305914714,0.25
2022-12-01,SLB,0.0,0.39839650125594145,0.25
2022-12-01,SO,4.787497104851266e-19,0.5937709854379063,0.25
2022-12-01,T,0.011110753907074378,-0.46301235905301474,0.25
2022-12-01,TMUS,2.02399737152881e-18,0.8060328125080438,0.25
2022-12-01,TTWO,0.03443554753542378,-0.2892978580265403,0.25
2022-12-01,UPS,0.012880615210853288,1.2135796938772436,0.25
2022-12-01,USB,0.0,1.4905887561691122,0.25
2022-12-01,V,1.435778761560717e-18,0.16604914834238726,0.25
2022-12-01,WFC,1.0578446996257874e-17,1.5462737632566788,0.25
2022-12-01,WMT,0.19801114166586348,-0.12260648825929753,0.25
2022-12-01,XOM,0.0,-0.8730568312233656,0.25
2023-01-03,ABBV,0.14670516916037193,0.5034641882223126,0.25
2023-01-03,ABT,0.0,-0.08703058676806678,0.25
2023-01-03,ADBE,2.7658136167847266e-17,-0.699070677615408,0.25
2023-01-03,AEP,0.0004799555185148393,2.5,0.25
2023-01-03,AMD,8.777408867123172e-18,-0.6390337171980015,0.25
2023-01-03,AMGN,1.1884290176316621e-17,-0.21440811052717756,0.25
2023-01-03,AMT,1.2368452768806442e-18,-0.3536832059120746,0.25
2023-01-03,BA,3.515928727738432e-18,-1.6933074840383917,0.25
2023-01-03,CAT,0.0,1.805204513914611,0.25
2023-01-03,CCI,7.598456113483721e-18,0.4683037708875063,0.25
2023-01-03,CMCSA,0.0,-0.460410058904915,0.25
2023-01-03,COP,6.5076883714526124e-18,-0.2361580107655205,0.25
2023-01-03,CVX,5.811618128640889e-18,-0.18296357989978232,0.25
2023-01-03,D,4.65489974616905e-18,-0.5986984041125558,0.25
2023-01-03,DD,7.132692776770974e-18,0.4268464096879622,0.25
2023-01-03,DIS,0.0,0.2684952625926469,0.25
2023-01-03,DOW,1.4873264739791628e-18,-0.2841802375518411,0.25
2023-01-03,DUK,0.0,1.1542930548631853,0.25
2023-01-03,EA,0.07780843605786472,-1.2053609232532791,0.25
2023-01-03,GE,5.14407127658718e-18,-0.4681719548755325,0.25
2023-01-03,GILD,0.09487007344820873,-0.8846199743961096,0.25
2023-01-03,GS,2.9516404851298006e-18,-1.1400032162270315,0.25
2023-01-03,INTC,0.0,-0.6093143267145059,0.25
2023-01-03,KO,0.06977893962775059,-0.34977148162202026,0.25
2023-01-03,MMM,0.05972716707348684,-0.9187786882945247,0.25
2023-01-03,MRK,0.1559631064064391,0.7438943884987465,0.25
2023-01-03,MS,0.0,-0.3601892048214103,0.25
2023-01-03,NEE,2.954094628066228e-17,1.3121835560030823,0.25
2023-01-03,NEM,0.08060484693966151,-0.5006327866719101,0.25
2023-01-03,NKE,4.604898395408746e-18,0.48986137352706766,0.25
2023-01-03,NUE,0.0,-1.6202948977988314,0.25
2023-01-03,NVDA,0.0,-0.6526367930255299,0.25
2023-01-03,O,0.0,1.5380478348557924,0.25
2023-01-03,OXY,0.0,0.8178006067142767,0.25
2023-01-03,PLD,0.0,0.2825462770682782,0.25
2023-01-03,PSA,0.09230151486615266,2.5,0.25
2023-01-03,QCOM,0.0,-1.0953579046418356,0.25
2023-01-03,SBUX,3.799369829826178e-18,0.5360149987423822,0.25
2023-01-03,SHW,8.655861014227905e-18,-0.6235007483222607,0.25
2023-01-03,SLB,9.930468784591924e-18,0.160428809598374,0.25
2023-01-03,SO,1.394739959610074e-17,0.31211010732051586,0.25
2023-01-03,T,0.01746280984639519,0.015149207090939218,0.25
2023-01-03,TMUS,6.870620115487869e-18,-1.8513813000407355,0.25
2023-01-03,TTWO,0.030977836092647957,-0.7817155757572559,0.25
2023-01-03,UPS,0.007121730517638346,1.4142319630192852,0.25
2023-01-03,USB,2.0980631303171587e-18,1.6102300204364046,0.25
2023-01-03,V,0.0,-0.5250716347441138,0.25
2023-01-03,WFC,0.0,0.5796445057479225,0.25
2023-01-03,WMT,0.16619841444486744,-0.8177932660179366,0.25
2023-01-03,XOM,0.0,0.14063735571785255,0.25
2023-02-01,ABBV,0.16080759600797137,1.2709572272931249,0.25
2023-02-01,ABT,0.0,-0.2687130146951067,0.25
2023-02-01,ADBE,1.2572756959530435e-17,0.0872776627989926,0.25
2023-02-01,AEP,0.0011860045489822096,-0.3358994624701294,0.25
2023-02-01,AMD,0.0,-0.3717127827051611,0.25
2023-02-01,AMGN,0.0,0.3950636083317637,0.25
2023-02-01,AMT,0.0,0.3154604297098861,0.25
2023-02-01,BA,0.0,-1.6678708922061587,0.25
2023-02-01,CAT,0.0,0.40572549729555274,0.25
2023-02-01,CCI,2.8407719601662364e-18,0.832189665573909,0.25
2023-02-01,CMCSA,1.1496777325765228e-17,0.8182704065569354,0.25
2023-02-01,COP,0.0,0.8417681734477002,0.25
2023-02-01,CVX,0.0,0.33784012864330404,0.25
2023-02-01,D,0.0,-2.142059830621044,0.25
2023-02-01,DD,0.0,-1.5296356890153269,0.25
2023-02-01,DIS,5.042204471199782e-18,-0.18649421384221412,0.25
2023-02-01,DOW,7.495627297574297e-18,-0.26702153120674704,0.25
2023-02-01,DUK,0.0,0.058657228396468364,0.25
2023-02-01,EA,0.10989234980755379,0.26590483135380405,0.25
2023-02-01,GE,0.0,0.28095456779559963,0.25
2023-02-01,GILD,0.14478017485054728,1.1377190318765105,0.25
2023-02-01,GS,0.0,-1.0466978862340532,0.25
2023-02-01,INTC,1.9442368159862112e-17,-0.4210337294834861,0.25
2023-02-01,KO,0.07796549016165873,0.17113182584968376,0.25
2023-02-01,MMM,0.038766521901485225,-1.777228905252625,0.25
2023-02-01,MRK,0.12099249912687697,0.07013917748149749,0.25
2023-02-01,MS,9.121582375079918e-19,-1.6360586067573213,0.25
2023-02-01,NEE,1.9690187817904676e-18,-0.4456105739859678,0.25
2023-02-01,NEM,0.06708093312591037,-0.7533292457176181,0.25
2023-02-01,NKE,0.0,-1.1852393883723775,0.25
2023-02-01,NUE,0.0,1.5078378915806054,0.25
2023-02-01,NVDA,0.0,-0.10575709714558937,0.25
2023-02-01,O,0.0,0.38641352637290427,0.25
2023-02-01,OXY,0.0,1.11921980440655,0.25
2023-02-01,PLD,6.952900281230562e-18,1.5572766605372115,0.25
2023-02-01,PSA,0.03891784587599814,-1.028470786891969,0.25
2023-02-01,QCOM,0.0,-1.315141420226559,0.25
2023-02-01,SBUX,5.25919310927468e-19,-1.11102139645358,0.25
2023-02-01,SHW,0.0,-0.65700312900245,0.25
2023-02-01,SLB,1.1201258485819483e-17,1.3558896938787988,0.25
2023-02-01,SO,0.0,0.2902950448463787,0.25
2023-02-01,T,0.016783670555659026,0.08804389596942401,0.25
2023-02-01,TMUS,9.463879090145634e-18,0.26728669297117186,0.25
2023-02-01,TTWO,0.02850442702552452,-0.5980679570580768,0.25
2023-02-01,UPS,0.008772608933670843,2.5,0.25
2023-02-01,USB,5.328858210612294e-19,-0.06260172177092804,0.25
2023-02-01,V,0.0,1.5483261996721143,0.25
2023-02-01,WFC,1.0259505880396008e-17,-0.2200445823994526,0.25
2023-02-01,WMT,0.18554987807816142,0.011755168201681685,0.25
2023-02-01,XOM,3.6475000972099215e-17,0.7131545643337226,0.25
2023-03-01,ABBV,0.1444728867176493,0.7560292505239595,0.25
2023-03-01,ABT,0.0,1.728360073936028,0.25
2023-03-01,ADBE,0.0,-0.2930191573472404,0.25
2023-03-01,AEP,2.7597640708464466e-18,0.46445222437250916,0.25
2023-03-01,AMD,0.0,0.34361759865212627,0.25
2023-03-01,AMGN,0.0,-0.24432165901732003,0.25
2023-03-01,AMT,4.727551430283355e-18,-0.6768414283646564,0.25
2023-03-01,BA,0.0,-1.3740288755913574,0.25
2023-03-01,CAT,0.0,0.8760528326914095,0.25
2023-03-01,CCI,3.0778764416032587e-18,-0.5635266739757827,0.25
2023-03-01,CMCSA,2.6936374993215463e-18,0.6191221641435787,0.25
2023-03-01,COP,1.1253593429483634e-18,-0.547572767465051,0.25
2023-03-01,CVX,1.1358450010097144e-17,-0.4735779888261097,0.25
2023-03-01,D,1.3125708027047672e-18,0.8705946654832047,0.25
2023-03-01,DD,0.0,-1.7476613089816981,0.25
2023-03-01,DIS,0.0,0.5241867053256255,0.25
2023-03-01,DOW,2.272879375313542e-18,-1.5487183039952457,0.25
2023-03-01,DUK,0.0,2.0494063435541725,0.25
2023-03-01,EA,0.10528592768681869,0.1451010417333236,0.25
2023-03-01,GE,0.0,1.0398482943606144,0.25
2023-03-01,GILD,0.12145179391844531,0.3656474894762589,0.25
2023-03-01,GS,0.0,-1.5834754465999548,0.25
2023-03-01,INTC,6.0125273538461745e-18,-0.6824774252138501,0.25
2023-03-01,KO,0.07286499111125076,-0.10434702360947173,0.25
2023-03-01,MMM,0.04345375902644055,-1.3823660154680557,0.25
2023-03-01,MRK,0.12323507070221823,0.1779783834944358,0.25
2023-03-01,MS,0.0,-1.5379430277407127,0.25
2023-03-01,NEE,7.699375749348855e-19,1.688814052022256,0.25
2023-03-01,NEM,0.08134963512668263,0.03336190281211823,0.25
2023-03-01,NKE,0.0,0.5460780644843339,0.25
2023-03-01,NUE,0.0,-0.19422882558407423,0.25
2023-03-01,NVDA,2.4566152664567674e-18,0.5341876148431284,0.25
2023-03-01,O,0.0,-0.22317847331740825,0.25
2023-03-01,OXY,0.0,-2.4188087579464908,0.25
2023-03-01,PLD,0.0,1.0104477094380961,0.25
2023-03-01,PSA,0.06641540379560697,0.6564165323499707,0.25
2023-03-01,QCOM,1.4430080850255046e-17,-0.4154745948269693,0.25
2023-03-01,SBUX,0.0,-0.6294383710103185,0.25
2023-03-01,SHW,0.0,-1.2287998105269982,0.25
2023-03-01,SLB,0.0,-0.3848975013493828,0.25
2023-03-01,SO,9.613163212122003e-18,-0.24798056019373366,0.25
2023-03-01,T,0.02056717007611086,0.1087463852542318,0.25
2023-03-01,TMUS,0.0,-0.035836813000257886,0.25
2023-03-01,TTWO,0.029979979295212844,-0.38503167790495435,0.25
2023-03-01,UPS,0.01410033180738318,2.197506938519689,0.25
2023-03-01,USB,1.1802930796329051e-17,-0.08381137512398203,0.25
2023-03-01,V,1.0504593412955596e-17,0.7826577196518698,0.25
2023-03-01,WFC,0.0,1.897407805940357,0.25
2023-03-01,WMT,0.17682305073618057,-0.22524104529272324,0.25
2023-03-01,XOM,8.091323586494732e-18,-0.18341688478949136,0.25
2023-04-03,ABBV,0.14692882623926232,1.0614917616529596,0.25
2023-04-03,ABT,0.0,-0.5038567203348403,0.25
2023-04-03,ADBE,0.0,0.19350785832282444,0.25
2023-04-03,AEP,0.0,-0.4620245734738565,0.25
2023-04-03,AMD,2.4128187073367167e-18,0.115411206028788,0.25
2023-04-03,AMGN,1.7663068947947073e-17,-0.012179818518889262,0.25
2023-04-03,AMT,0.0,0.5294868128510942,0.25
2023-04-03,BA,0.0,-1.3002220837187715,0.25
2023-04-03,CAT,0.0,-0.12370641276031469,0.25
2023-04-03,CCI,1.7161158064330868e-18,-0.29431911984198456,0.25
2023-04-03,CMCSA,1.3203681034078294e-18,0.572575180338534,0.25
2023-04-03,COP,3.786788387165459e-18,-0.43080513549275085,0.25
2023-04-03,CVX,7.441608683320363e-18,-0.013241437110800312,0.25
2023-04-03,D,6.525788026353764e-18,-2.451312746498207,0.25
2023-04-03,DD,0.0,-1.2036815285756302,0.25
2023-04-03,DIS,1.022009166138617e-17,0.7544223478591777,0.25
2023-04-03,DOW,4.423515442368881e-18,-1.1499545426578917,0.25
2023-04-03,DUK,7.681581262486147e-18,0.24773222909485043,0.25
2023-04-03,EA,0.12274999125187283,0.8866852966049333,0.25
2023-04-03,GE,0.0,2.5,0.25
2023-04-03,GILD,0.10378557009448666,-0.04674943988317441,0.25
2023-04-03,GS,0.0,-1.2547924350387742,0.25
2023-04-03,INTC,0.0,-0.29535482888347503,0.25
2023-04-03,KO,0.08340435580212043,0.2847292724946504,0.25
2023-04-03,MMM,0.044378413037881294,-1.1014408723399447,0.25
2023-04-03,MRK,0.12263971593766912,0.19132164186384543,0.25
2023-04-03,MS,5.657595346411594e-18,-1.5191664518798957,0.25
2023-04-03,NEE,2.413080405188622e-18,0.27247977543603313,0.25
2023-04-03,NEM,0.07616100404816217,-0.10918360501803585,0.25
2023-04-03,NKE,7.62606607047648e-18,0.28023999782900194,0.25
2023-04-03,NUE,4.662938836631025e-18,1.9465463828374503,0.25
2023-04-03,NVDA,0.0,0.590067664355094,0.25
2023-04-03,O,7.891791019654129e-18,1.7133758259115115,0.25
2023-04-03,OXY,0.0,0.366252383023846,0.25
2023-04-03,PLD,0.0,-0.29350257643478816,0.25
2023-04-03,PSA,0.04644198208870608,-0.1508273187850517,0.25
2023-04-03,QCOM,1.2995548457285239e-17,-0.471538201468142,0.25
2023-04-03,SBUX,9.86032394669214e-19,-1.1554206726587577,0.25
2023-04-03,SHW,0.0,-0.4502003968273398,0.25
2023-04-03,SLB,2.3319697621337967e-18,-0.24000328050559452,0.25
2023-04-03,SO,1.1351981232723514e-17,-0.0480841742987838,0.25
2023-04-03,T,0.026615078635239767,1.0655065081800459,0.25
2023-04-03,TMUS,6.404342902453628e-18,0.07724267649959587,0.25
2023-04-03,TTWO,0.029334202912972004,-0.05748227486045758,0.25
2023-04-03,UPS,0.020268180414495993,2.5,0.25
2023-04-03,USB,0.0,-0.06896884221361464,0.25
2023-04-03,V,1.8413766962726076e-19,-0.23386776437091666,0.25
2023-04-03,WFC,2.7583854391837723e-18,-0.8460022447308871,0.25
2023-04-03,WMT,0.17729267953713132,-0.12509251762654156,0.25
2023-04-03,XOM,2.730402165082153e-17,-0.8006088959326292,0.25
2023-05-01,ABBV,0.13392285250845834,0.05897941515895091,0.25
2023-05-01,ABT,0.0,0.22803951849615442,0.25
2023-05-01,ADBE,0.0,1.5272413547239847,0.25
2023-05-01,AEP,8.539175485209722e-17,0.8991118399595474,0.25
2023-05-01,AMD,0.0,0.3855501540725174,0.25
2023-05-01,AMGN,0.0,0.9387018185867142,0.25
2023-05-01,AMT,4.0319626583804075e-19,0.8269337413662962,0.25
2023-05-01,BA,0.0,-2.0058053690531668,0.25
2023-05-01,CAT,0.0,-0.09001804796021359,0.25
2023-05-01,CCI,0.0,0.009450626923904155,0.25
2023-05-01,CMCSA,0.0,-0.47099273489767485,0.25
2023-05-01,COP,3.756135106766642e-18,0.2692323000505956,0.25
2023-05-01,CVX,8.274822352633986e-18,0.3963871313557183,0.25
2023-05-01,D,0.0,-0.8103235627139596,0.25
2023-05-01,DD,5.179889395861163e-19,-0.9784806878935316,0.25
2023-05-01,DIS,2.0331100889303117e-17,-0.7626296455575995,0.25
2023-05-01,DOW,5.161138664513803e-18,-1.6461264883050026,0.25
2023-05-01,DUK,0.0,0.015530078024511824,0.25
2023-05-01,EA,0.1493336963405231,1.0962837813567985,0.25
2023-05-01,GE,4.720946829337256e-18,2.0743321789558586,0.25
2023-05-01,GILD,0.11663210708260742,-0.1582784050390694,0.25
2023-05-01,GS,0.0,-1.7912664245928784,0.25
2023-05-01,INTC,1.3103260939190084e-18,-0.3864632277685519,0.25
2023-05-01,KO,0.08562239089339546,-0.39311842066565317,0.25
2023-05-01,MMM,0.04094130158246658,-2.1078329225104753,0.25
2023-05-01,MRK,0.11585083788167108,-0.5124955389333162,0.25
2023-05-01,MS,3.751786793336712e-18,-0.2476706759007768,0.25
2023-05-01,NEE,0.0,1.8040810876057307,0.25
2023-05-01,NEM,0.07371221017355346,-0.792815985922879,0.25
2023-05-01,NKE,6.255821646149199e-18,0.3545804915983024,0.25
2023-05-01,NUE,0.0,0.22004201605132925,0.25
2023-05-01,NVDA,1.981094081170351e-17,-0.14000789270467956,0.25
2023-05-01,O,1.0655078149376958e-17,0.15129481648145418,0.25
2023-05-01,OXY,1.4610457944243783e-19,0.034847015262201894,0.25
2023-05-01,PLD,1.3023739506118224e-17,1.2753650484263295,0.25
2023-05-01,PSA,0.0734155867696524,0.9469126523413521,0.25
2023-05-01,QCOM,9.483074043309584e-19,-0.18295866755849868,0.25
2023-05-01,SBUX,4.108805705700976e-18,0.1655672274926131,0.25
2023-05-01,SHW,0.0,-1.4510082808948424,0.25
2023-05-01,SLB,0.0,-0.349050473434635,0.25
2023-05-01,SO,0.0,1.2431156524564035,0.25
2023-05-01,T,0.01732224552519817,-1.0819090284933504,0.25
2023-05-01,TMUS,0.0,0.6609794942171063,0.25
2023-05-01,TTWO,0.02842466916180495,-0.781608206638213,0.25
2023-05-01,UPS,0.02276237709050292,2.441887930937361,0.25
2023-05-01,USB,0.0,0.10631836447938492,0.25
2023-05-01,V,1.2744140346001134e-18,-0.17169725786236112,0.25
2023-05-01,WFC,1.1321404092400792e-17,0.666194465687021,0.25
2023-05-01,WMT,0.14205972499016611,-1.6551640117665292,0.25
2023-05-01,XOM,8.671853498678437e-18,0.17076175499969595,0.25
2023-06-01,ABBV,0.13008326934338182,0.5472764187799166,0.25
2023-06-01,ABT,9.48098264058186e-18,0.40954087081560187,0.25
2023-06-01,ADBE,0.0,1.461126843130771,0.25
2023-06-01,AEP,0.0,-0.4635561488517582,0.25
2023-06-01,AMD,0.0,0.07993379590861917,0.25
2023-06-01,AMGN,7.798061350434744e-18,-0.342979845282902,0.25
2023-06-01,AMT,0.0,0.5755843104719803,0.25
2023-06-01,BA,0.0,-1.185269203427668,0.25
2023-06-01,CAT,0.0,-0.21374428311007793,0.25
2023-06-01,CCI,1.8633766533737588e-18,-1.0558830330141509,0.25
2023-06-01,CMCSA,2.1774237647629737e-18,0.47255331519046484,0.25
2023-06-01,COP,0.0,-0.17961232783626346,0.25
2023-06-01,CVX,0.0,-0.2519133741316543,0.25
2023-06-01,D,1.8337978625460134e-17,0.8310265130489025,0.25
2023-06-01,DD,9.858520101362847e-18,-1.6801243142621565,0.25
2023-06-01,DIS,1.4991999821713906e-19,-0.9702747610210998,0.25
2023-06-01,DOW,0.0,-1.7016706520536058,0.25
2023-06-01,DUK,2.3418464408888518e-18,0.2516829992585427,0.25
2023-06-01,EA,0.09804829310138553,-0.24371552736108945,0.25
2023-06-01,GE,0.0,0.05013729412646305,0.25
2023-06-01,GILD,0.10868161018532954,-0.008511639201087808,0.25
2023-06-01,GS,3.15460803142792e-20,-0.6973248651333518,0.25
2023-06-01,INTC,0.0,-0.5438595995045529,0.25
2023-06-01,KO,0.10009952083718696,0.5750650938103509,0.25
2023-06-01,MMM,0.049153503892473,-0.9277487297410475,0.25
2023-06-01,MRK,0.10845300585269681,-0.42334129634943424,0.25
2023-06-01,MS,0.0,-1.4127678035947637,0.25
2023-06-01,NEE,6.232716930504633e-18,1.324959827883231,0.25
2023-06-01,NEM,0.0801918462011343,0.05987365709277113,0.25
2023-06-01,NKE,0.0,-1.730977365148125,0.25
2023-06-01,NUE,0.0,1.5053211454489845,0.25
2023-06-01,NVDA,5.223664597656506e-18,0.5149288440430072,0.25
2023-06-01,O,0.0,0.9931167009578536,0.25
2023-06-01,OXY,2.4629253745642842e-17,0.29700377765002095,0.25
2023-06-01,PLD,0.0,1.5630732955968103,0.25
2023-06-01,PSA,0.07782789273827252,1.5908816665513579,0.25
2023-06-01,QCOM,0.0,-0.26707766198625893,0.25
2023-06-01,SBUX,0.0,-1.2606059180949065,0.25
2023-06-01,SHW,8.907261754457263e-18,0.2522862496337468,0.25
2023-06-01,SLB,0.0,-1.4837972153230545,0.25
2023-06-01,SO,0.0,1.9089270350981757,0.25
2023-06-01,T,0.013513452647347884,-0.7571085712703571,0.25
2023-06-01,TMUS,1.517813382635494e-17,-0.02236432769511216,0.25
2023-06-01,TTWO,0.028455533862452538,-0.12198524179061422,0.25
2023-06-01,UPS,0.021662522479170384,2.5,0.25
2023-06-01,USB,4.8645852681424436e-18,-0.7446352662562211,0.25
2023-06-01,V,0.0,0.07911930585163081,0.25
2023-06-01,WFC,1.513583652448765e-19,-0.618284475169647,0.25
2023-06-01,WMT,0.1838295488591687,-0.1716022230275542,0.25
2023-06-01,XOM,2.4809674568774008e-17,1.295968129820737,0.25
2023-07-03,ABBV,0.12889994676988575,0.8626531454362081,0.25
2023-07-03,ABT,7.685080282166212e-18,-0.843663957295904,0.25
2023-07-03,ADBE,0.0,0.0977690083973838,0.25
2023-07-03,AEP,0.0,2.5,0.25
2023-07-03,AMD,1.1193749899004994e-17,0.5266839143468525,0.25
2023-07-03,AMGN,1.4730742183101506e-18,0.1814324865065716,0.25
2023-07-03,AMT,0.0,-0.3447983650235481,0.25
2023-07-03,BA,1.9601864663273203e-18,-1.682429811513714,0.25
2023-07-03,CAT,0.0,0.7875531617027954,0.25
2023-07-03,CCI,0.0,-1.696179519406563,0.25
2023-07-03,CMCSA,1.5240775364307744e-18,-0.31697184248448096,0.25
2023-07-03,COP,1.600490033995139e-18,-0.966034486833703,0.25
2023-07-03,CVX,8.137946027951445e-18,-0.5234047341905361,0.25
2023-07-03,D,0.0,-1.1070185665121615,0.25
2023-07-03,DD,1.543739275453107e-17,1.7286362056917106,0.25
2023-07-03,DIS,7.184760934355958e-18,-0.5143223170659279,0.25
2023-07-03,DOW,0.0,-2.480997880261927,0.25
2023-07-03,DUK,5.1022755526416156e-18,-0.42523322084243637,0.25
2023-07-03,EA,0.14621043737695846,1.7181067889574395,0.25
2023-07-03,GE,1.0257189122562997e-17,0.8448301032828571,0.25
2023-07-03,GILD,0.1354112811082515,1.3315510556041417,0.25
2023-07-03,GS,9.538599491314862e-18,-0.16909732055604404,0.25
2023-07-03,INTC,0.0,-0.7573356562491126,0.25
2023-07-03,KO,0.08486585418481571,0.2658670953827255,0.25
2023-07-03,MMM,0.0397772448768074,-0.7668870048158573,0.25
2023-07-03,MRK,0.09174331360783024,-0.7237456594320563,0.25
2023-07-03,MS,0.0,-1.5071399899637743,0.25
2023-07-03,NEE,7.01687129754243e-18,0.3337300770487006,0.25
2023-07-03,NEM,0.0762613492613214,0.22756362503033875,0.25
2023-07-03,NKE,1.8819410571746647e-18,-0.6088626203358133,0.25
2023-07-03,NUE,1.149785331057972e-17,1.0260755725218458,0.25
2023-07-03,NVDA,0.0,0.5872679673792874,0.25
2023-07-03,O,2.8584654419826752e-18,0.21729343505323076,0.25
2023-07-03,OXY,0.0,0.25878264109487903,0.25
2023-07-03,PLD,4.194972689923262e-19,0.2945630519939282,0.25
2023-07-03,PSA,0.047136883512417065,-0.10031546372879574,0.25
2023-07-03,QCOM,0.0,-0.2620214873694546,0.25
2023-07-03,SBUX,0.0,-0.3380905386268423,0.25
2023-07-03,SHW,2.492709026983763e-18,-0.07685677842589436,0.25
2023-07-03,SLB,1.988094232230673e-18,-0.18223379143326562,0.25
2023-07-03,SO,0.0,0.815789223646315,0.25
2023-07-03,T,0.0237187818595435,0.03393655942307751,0.25
2023-07-03,TMUS,5.668217765556955e-18,-1.0018109245795137,0.25
2023-07-03,TTWO,0.025435034257684893,-0.3933806662449476,0.25
2023-07-03,UPS,0.01880598135582684,2.0940270096768847,0.25
2023-07-03,USB,7.36186596036186e-18,0.089827095406572,0.25
2023-07-03,V,5.445428298116613e-19,-0.39531847736068143,0.25
2023-07-03,WFC,7.33291071254158e-18,1.7625104374560794,0.25
2023-07-03,WMT,0.18173389182865712,0.11583234954350571,0.25
2023-07-03,XOM,8.61597977620178e-18,-0.7892034443820821,0.25
2023-08-01,ABBV,0.12675218403847677,0.9150416404029224,0.25
2023-08-01,ABT,2.9764618704881145e-18,0.5902927148350475,0.25
2023-08-01,ADBE,1.7159025570482868e-17,1.4096471471145982,0.25
2023-08-01,AEP,0.0,-1.6297361746636088,0.25
2023-08-01,AMD,0.0,0.5420561098529902,0.25
2023-08-01,AMGN,3.1708048207805718e-18,-1.1083324331848652,0.25
2023-08-01,AMT,1.7633236280296368e-18,-0.01883838476012861,0.25
2023-08-01,BA,0.0,-1.7861208247634348,0.25
2023-08-01,CAT,1.1763072494958741e-18,0.03530123708180196,0.25
2023-08-01,CCI,1.26253465776434e-17,0.3325736304261283,0.25
2023-08-01,CMCSA,2.6251081576838436e-18,0.06068004142593762,0.25
2023-08-01,COP,3.831640558622152e-18,-1.4099334468625224,0.25
2023-08-01,CVX,0.0,-0.7199749725905403,0.25
2023-08-01,D,0.0,-1.2304844614775867,0.25
2023-08-01,DD,0.0,-1.379576327452861,0.25
2023-08-01,DIS,0.0,-0.6181118663008559,0.25
2023-08-01,DOW,0.0,-2.307244993436799,0.25
2023-08-01,DUK,3.9234236680957306e-18,0.6798128051696699,0.25
2023-08-01,EA,0.16700595008845273,2.5,0.25
2023-08-01,GE,3.096224683963916e-18,-0.30800509432779577,0.25
2023-08-01,GILD,0.1372835890809004,1.6325184372355896,0.25
2023-08-01,GS,0.0,-0.44309028708874776,0.25
2023-08-01,INTC,0.0,0.3585331260821622,0.25
2023-08-01,KO,0.07551249676542843,-0.064763007632464,0.25
2023-08-01,MMM,0.037450597983911725,-0.6060675175392086,0.25
2023-08-01,MRK,0.08874373710092914,-0.5799811045705188,0.25
2023-08-01,MS,0.0,-0.35295252754777784,0.25
2023-08-01,NEE,2.0660794229599608e-19,0.9223036331466447,0.25
2023-08-01,NEM,0.04529174685832747,-1.7269089994287683,0.25
2023-08-01,NKE,4.498336414425543e-18,-0.14997623357101283,0.25
2023-08-01,NUE,9.576515707060273e-18,1.0577785958928234,0.25
2023-08-01,NVDA,0.0,0.6910365115213047,0.25
2023-08-01,O,5.196956647962971e-18,-0.08193582030114228,0.25
2023-08-01,OXY,2.061794809810652e-18,-0.07542835677397133,0.25
2023-08-01,PLD,0.0,-1.4703329397434601,0.25
2023-08-01,PSA,0.047689445015700355,0.030328243930812716,0.25
2023-08-01,QCOM,0.0,0.42385247951012267,0.25
2023-08-01,SBUX,4.437195961342457e-18,0.44170483544264705,0.25
2023-08-01,SHW,4.431963787576945e-18,0.1031533224524697,0.25
2023-08-01,SLB,3.393296143355879e-18,0.877655915278409,0.25
2023-08-01,SO,6.0513556849720035e-18,0.35519041439474697,0.25
2023-08-01,T,0.018773515950223828,-0.785741150685789,0.25
2023-08-01,TMUS,7.2767546566161425e-19,0.5957082542280695,0.25
2023-08-01,TTWO,0.036849028927489,1.1968760850413662,0.25
2023-08-01,UPS,0.012459166314661485,0.4126445608741543,0.25
2023-08-01,USB,0.0,0.19938087564929044,0.25
2023-08-01,V,0.0,0.48673449450092465,0.25
2023-08-01,WFC,0.0,1.325869087759693,0.25
2023-08-01,WMT,0.2061885418754984,0.8085894259047838,0.25
2023-08-01,XOM,0.0,-0.5987861666514949,0.25
2023-09-01,ABBV,0.12053962404753919,0.5557176242576235,0.25
2023-09-01,ABT,1.472480965185121e-17,2.3875313366352846,0.25
2023-09-01,ADBE,0.0,0.7274502131765039,0.25
2023-09-01,AEP,6.7868596524680384e-18,-2.073208398603478,0.25
2023-09-01,AMD,0.0,0.17017125091956598,0.25
2023-09-01,AMGN,1.6959442165341918e-17,-0.1255287743806785,0.25
2023-09-01,AMT,0.0,1.7370264477084336,0.25
2023-09-01,BA,0.0,-1.2517366533221181,0.25
2023-09-01,CAT,0.0,2.085786155882803,0.25
2023-09-01,CCI,0.0,0.03526803394431631,0.25
2023-09-01,CMCSA,1.8930466901738534e-18,-0.609373299509971,0.25
2023-09-01,COP,6.6095470529047304e-18,-0.24935130098336966,0.25
2023-09-01,CVX,0.0,-0.9639327118918334,0.25
2023-09-01,D,0.0,-0.44738742273671817,0.25
2023-09-01,DD,0.0,-0.3126696541297176,0.25
2023-09-01,DIS,0.0,-0.06541255027215416,0.25
2023-09-01,DOW,0.0,-2.0334962180704217,0.25
2023-09-01,DUK,4.644089999027016e-18,-0.35187789465945146,0.25
2023-09-01,EA,0.11134788878907942,0.9480383333870398,0.25
2023-09-01,GE,2.3393947057507425e-19,0.03928050674704671,0.25
2023-09-01,GILD,0.09884092273178674,0.2349416617610048,0.25
2023-09-01,GS,0.0,-0.7282405715764659,0.25
2023-09-01,INTC,6.7037670955186646e-18,1.07259718072327,0.25
2023-09-01,KO,0.09039425737130702,0.32621920418663664,0.25
2023-09-01,MMM,0.04484045735120388,0.23704704981904523,0.25
2023-09-01,MRK,0.12091772547216256,0.6434294067987248,0.25
2023-09-01,MS,7.773913610903598e-18,0.022854454218390444,0.25
2023-09-01,NEE,0.0,-0.34864328314659604,0.25
2023-09-01,NEM,0.07753804181822112,0.34512707581809904,0.25
2023-09-01,NKE,0.0,-0.9881573046611404,0.25
2023-09-01,NUE,1.6858469303026585e-18,0.3795837600114149,0.25
2023-09-01,NVDA,0.0,1.0785624781202188,0.25
2023-09-01,O,0.0,-0.19690114002394346,0.25
2023-09-01,OXY,6.828556644421554e-18,0.07275668597965973,0.25
2023-09-01,PLD,0.0,-1.1996749532330497,0.25
2023-09-01,PSA,0.0642635857185086,1.3272591648368524,0.25
2023-09-01,QCOM,0.0,-0.4585138485863597,0.25
2023-09-01,SBUX,0.0,-0.24994526687881172,0.25
2023-09-01,SHW,0.0,0.8979586549551085,0.25
2023-09-01,SLB,8.346353326478259e-19,-2.4443397117965566,0.25
2023-09-01,SO,1.310032414614359e-17,0.8003014883280867,0.25
2023-09-01,T,0.02520971463755073,0.16451292870166806,0.25
2023-09-01,TMUS,5.816694949336262e-18,1.581106812785352,0.25
2023-09-01,TTWO,0.021878475094414786,-1.0395760328247823,0.25
2023-09-01,UPS,0.008751609561774239,-1.0506269246162985,0.25
2023-09-01,USB,6.225066719578839e-18,-0.8518992092685589,0.25
2023-09-01,V,0.0,0.08856657285217173,0.25
2023-09-01,WFC,2.055052117631416e-18,-1.1189146025402648,0.25
2023-09-01,WMT,0.21547769740645167,0.8869824445325164,0.25
2023-09-01,XOM,9.50611772724544e-18,0.3133308006258979,0.25
2023-10-02,ABBV,0.10063529341791884,-0.35736733062582626,0.25
2023-10-02,ABT,0.0,-0.17406433952500538,0.25
2023-10-02,ADBE,0.0,0.6689832408109088,0.25
2023-10-02,AEP,0.0,-1.7777345921451402,0.25
2023-10-02,AMD,0.0,-0.059495057535401026,0.25
2023-10-02,AMGN,7.662039192723549e-18,-0.6622292075015939,0.25
2023-10-02,AMT,2.4230408551007657e-18,-0.4627473734844199,0.25
2023-10-02,BA,6.2204645908223246e-18,-1.3673523875328204,0.25
2023-10-02,CAT,0.0,0.9221968688708392,0.25
2023-10-02,CCI,0.0,1.3476616009530675,0.25
2023-10-02,CMCSA,2.8728579091009e-18,-0.15264561173399652,0.25
2023-10-02,COP,3.8617968793697674e-18,0.09255318810723365,0.25
2023-10-02,CVX,0.0,-1.1082025658307053,0.25
2023-10-02,D,0.0,-1.0904496316145582,0.25
2023-10-02,DD,3.0155884668004053e-18,-0.917833148799501,0.25
2023-10-02,DIS,2.3163037099977377e-18,-1.0498102083200476,0.25
2023-10-02,DOW,5.964985733104146e-19,-1.0190370658071408,0.25
2023-10-02,DUK,0.0,0.0596792212992514,0.25
2023-10-02,EA,0.11172488728711058,0.6897826160132009,0.25
2023-10-02,GE,2.9514066138831625e-19,0.4596695381134226,0.25
2023-10-02,GILD,0.10816388097718697,0.41369239277733966,0.25
2023-10-02,GS,0.0,-1.2730046272937243,0.25
2023-10-02,INTC,0.0,-0.010796343289260624,0.25
2023-10-02,KO,0.10791970508564375,0.7728365528699911,0.25
2023-10-02,MMM,0.037984422676555975,-0.687241511875642,0.25
2023-10-02,MRK,0.10182050297233845,-0.21541116632750107,0.25
2023-10-02,MS,3.953539637052231e-18,-0.22905499217232506,0.25
2023-10-02,NEE,4.612906674936063e-18,-0.7003666438996636,0.25
2023-10-02,NEM,0.04941981276426184,-1.633621241994553,0.25
2023-10-02,NKE,0.0,-0.737669360123164,0.25
2023-10-02,NUE,1.6004796072062223e-18,-0.26188318288277557,0.25
2023-10-02,NVDA,0.0,0.6426762877355736,0.25
2023-10-02,O,7.134681512724534e-19,0.29837516455932633,0.25
2023-10-02,OXY,0.0,0.38963822596364683,0.25
2023-10-02,PLD,0.0,2.5,0.25
2023-10-02,PSA,0.08835516043687418,2.5,0.25
2023-10-02,QCOM,0.0,-1.1597424925453,0.25
2023-10-02,SBUX,0.0,-0.329127046741673,0.25
2023-10-02,SHW,2.6373040658047547e-18,-0.09809640786687888,0.25
2023-10-02,SLB,0.0,-1.2587963602860388,0.25
2023-10-02,SO,1.983330958273963e-17,0.5957366941228781,0.25
2023-10-02,T,0.02211975069057028,-0.6252394699645699,0.25
2023-10-02,TMUS,0.0,1.2974357404977852,0.25
2023-10-02,TTWO,0.03234077662466032,0.41359676253349925,0.25
2023-10-02,UPS,0.01734721227242023,1.6803263909815642,0.25
2023-10-02,USB,0.0,-0.3170611199202176,0.25
2023-10-02,V,0.0,0.833688195757418,0.25
2023-10-02,WFC,8.649824804314398e-18,1.2441368663859556,0.25
2023-10-02,WMT,0.22216859479445852,0.7838492000173323,0.25
2023-10-02,XOM,0.0,0.514222997790418,0.25
2023-11-01,ABBV,0.11552501466062254,0.2887093266928022,0.25
2023-11-01,ABT,0.0,0.5377366825570534,0.25
2023-11-01,ADBE,6.7962860016179665e-18,0.7455248709468646,0.25
2023-11-01,AEP,8.71155935271187e-19,-0.38680183789394784,0.25
2023-11-01,AMD,6.147976134854652e-18,-0.266230939975812,0.25
2023-11-01,AMGN,2.3112981593939978e-17,0.5195889994194578,0.25
2023-11-01,AMT,9.822088895815932e-18,-0.09342957537958073,0.25
2023-11-01,BA,7.219658458158378e-18,-1.0261761331622206,0.25
2023-11-01,CAT,1.2894929544503056e-17,1.4594505504484723,0.25
2023-11-01,CCI,6.848570170968706e-18,0.8762148475682762,0.25
2023-11-01,CMCSA,0.0,-0.3641374238848183,0.25
2023-11-01,COP,5.075766722115485e-18,0.6955749723507318,0.25
2023-11-01,CVX,3.8889224719595724e-18,-0.7716359169163886,0.25
2023-11-01,D,0.0,-0.9764637040964818,0.25
2023-11-01,DD,7.055609136774454e-18,-1.4262761876128813,0.25
2023-11-01,DIS,1.8587873294485034e-18,-0.3265343963518976,0.25
2023-11-01,DOW,0.0,0.5543844321742633,0.25
2023-11-01,DUK,1.1363972139148586e-18,-1.8348887051555034,0.25
2023-11-01,EA,0.11269574768039756,0.7740923218607106,0.25
2023-11-01,GE,0.0,0.5056772727634092,0.25
2023-11-01,GILD,0.07944039044363971,-0.6952411646249903,0.25
2023-11-01,GS,0.0,-0.26426417508508043,0.25
2023-11-01,INTC,4.52966992641978e-18,-0.7219012708969157,0.25
2023-11-01,KO,0.08824459546681859,-0.012292794011197787,0.25
2023-11-01,MMM,0.04322928034508636,0.32011849221883676,0.25
2023-11-01,MRK,0.11958067107847131,0.2757445414956561,0.25
2023-11-01,MS,1.1741815395605253e-17,0.6881626481328889,0.25
2023-11-01,NEE,0.0,-0.8202728370875917,0.25
2023-11-01,NEM,0.07310211835655513,-0.021016874133163912,0.25
2023-11-01,NKE,1.2271609006964292e-18,-1.8931545891296935,0.25
2023-11-01,NUE,0.0,-0.3009619771196259,0.25
2023-11-01,NVDA,8.817729126817304e-18,0.5748876555890602,0.25
2023-11-01,O,0.0,0.677438925363987,0.25
2023-11-01,OXY,0.0,0.21324821651354384,0.25
2023-11-01,PLD,0.0,1.7821920573033927,0.25
2023-11-01,PSA,0.08690791902564637,2.5,0.25
2023-11-01,QCOM,3.092780505021598e-19,-1.9447803947254654,0.25
2023-11-01,SBUX,7.131570955530359e-19,0.44040967379769763,0.25
2023-11-01,SHW,0.0,0.0862040860934586,0.25
2023-11-01,SLB,2.819683868530044e-18,0.9614451352001948,0.25
2023-11-01,SO,0.0,0.09477940008141178,0.25
2023-11-01,T,0.020574319486365757,-1.2385681811528655,0.25
2023-11-01,TMUS,6.931290549420312e-18,-0.7598625590453599,0.25
2023-11-01,TTWO,0.02533989819700501,-0.5742999533825548,0.25
2023-11-01,UPS,0.02054036408845191,2.4664705253513706,0.25
2023-11-01,USB,4.2426864796410132e-19,-1.6299669793960783,0.25
2023-11-01,V,0.0,-0.7242119076894938,0.25
2023-11-01,WFC,0.0,1.2290376814387634,0.25
2023-11-01,WMT,0.21481968117093964,0.689131571196129,0.25
2023-11-01,XOM,0.0,-0.8921436062218016,0.25
2023-12-01,ABBV,0.10212089273952969,-0.7749068837702117,0.25
2023-12-01,ABT,3.229155804878187e-17,1.4924496305210553,0.25
2023-12-01,ADBE,3.510831571055908e-18,0.7769025619839668,0.25
2023-12-01,AEP,3.3962734850978464e-17,0.4875506361389426,0.25
2023-12-01,AMD,0.0,0.9452725456288195,0.25
2023-12-01,AMGN,5.2486069558287586e-18,0.39345748119499974,0.25
2023-12-01,AMT,0.0,1.5336144390511364,0.25
2023-12-01,BA,0.0,0.2511648259220666,0.25
2023-12-01,CAT,1.0673888144354278e-17,-0.019507826675116288,0.25
2023-12-01,CCI,0.0,0.2276141983898834,0.25
2023-12-01,CMCSA,0.0,-0.46038223169701536,0.25
2023-12-01,COP,0.0,-0.6825204530081455,0.25
2023-12-01,CVX,7.5047842081373e-18,-0.39462960611424924,0.25
2023-12-01,D,0.0,0.43231648662295213,0.25
2023-12-01,DD,9.759629521248805e-18,-0.5494432399843642,0.25
2023-12-01,DIS,0.0,-0.06926889944828253,0.25
2023-12-01,DOW,1.1792635800677812e-17,-0.639894731296681,0.25
2023-12-01,DUK,2.327049131722711e-18,-0.10812754115367015,0.25
2023-12-01,EA,0.11512921381105602,0.3336031368681968,0.25
2023-12-01,GE,7.199237821175446e-18,0.12066036074328351,0.25
2023-12-01,GILD,0.08727264845665579,-0.7769477803086166,0.25
2023-12-01,GS,0.0,-1.4815302834301156,0.25
2023-12-01,INTC,2.071523149008028e-18,0.7380035941855145,0.25
2023-12-01,KO,0.09570888583966257,-0.4374467913364038,0.25
2023-12-01,MMM,0.04317099162781893,-0.17017880674283173,0.25
2023-12-01,MRK,0.12118866601785509,-0.3981462980390547,0.25
2023-12-01,MS,5.015411421230485e-18,-0.3273120824791446,0.25
2023-12-01,NEE,0.0,-0.09763872086769299,0.25
2023-12-01,NEM,0.054573846819988774,-1.640529024920686,0.25
2023-12-01,NKE,0.0,-0.21175310811302514,0.25
2023-12-01,NUE,0.0,2.5,0.25
2023-12-01,NVDA,0.0,1.5448823282928867,0.25
2023-12-01,O,0.0,0.18962049425820948,0.25
2023-12-01,OXY,0.0,-0.3347888493504052,0.25
2023-12-01,PLD,4.954145652788228e-18,-0.6997066927880212,0.25
2023-12-01,PSA,0.051987978068106996,0.11810597985216431,0.25
2023-12-01,QCOM,8.353214404561114e-18,0.9456602618366453,0.25
2023-12-01,SBUX,3.984023832507982e-19,-1.0912431691866897,0.25
2023-12-01,SHW,1.717639753484997e-18,1.131178005575236,0.25
2023-12-01,SLB,3.985353630791271e-18,-2.5,0.25
2023-12-01,SO,0.0,0.009273378821752564,0.25
2023-12-01,T,0.04041230050657609,0.7233731572317129,0.25
2023-12-01,TMUS,0.0,-1.752903852930295,0.25
2023-12-01,TTWO,0.037656226639043514,0.1509054041726506,0.25
2023-12-01,UPS,0.013354761470138287,0.3163239808721157,0.25
2023-12-01,USB,3.4221709726886044e-18,-1.4140987264644924,0.25
2023-12-01,V,4.507248914179382e-18,1.2363037386117721,0.25
2023-12-01,WFC,0.0,0.1604408435334531,0.25
2023-12-01,WMT,0.2374235880035681,0.5422053880257944,0.25
2023-12-01,XOM,9.056496815290961e-18,-0.8823256157089358,0.25
